2025-08-28 11:36:02,470 - discord.client - WARNING - PyNaCl is not installed, voice will NOT be supported
2025-08-28 11:36:02,472 - discord.client - INFO - logging in using static token
2025-08-28 15:11:10,368 - discord.client - WARNING - PyNaCl is not installed, voice will NOT be supported
2025-08-28 15:11:10,376 - discord.client - INFO - logging in using static token
2025-08-28 15:13:28,584 - discord.client - WARNING - PyNaCl is not installed, voice will NOT be supported
2025-08-28 15:13:28,585 - discord.client - INFO - logging in using static token
2025-08-28 15:18:27,009 - discord.client - WARNING - PyNaCl is not installed, voice will NOT be supported
2025-08-28 15:18:27,011 - discord.client - INFO - logging in using static token
2025-08-28 15:19:20,073 - discord.client - WARNING - PyNaCl is not installed, voice will NOT be supported
2025-08-28 15:19:20,074 - discord.client - INFO - logging in using static token
2025-08-28 15:20:29,547 - discord.client - WARNING - PyNaCl is not installed, voice will NOT be supported
2025-08-28 15:20:29,548 - discord.client - INFO - logging in using static token
2025-08-28 15:21:44,701 - discord.client - WARNING - PyNaCl is not installed, voice will NOT be supported
2025-08-28 15:21:44,703 - discord.client - INFO - logging in using static token
2025-08-28 15:22:19,911 - discord.client - WARNING - PyNaCl is not installed, voice will NOT be supported
2025-08-28 15:22:19,913 - discord.client - INFO - logging in using static token
2025-08-28 15:22:22,025 - discord.gateway - INFO - Shard ID None has connected to Gateway (Session ID: 3221a2e462f1b4754683fe4d8fc5b893).
2025-08-28 16:01:33,387 - discord.client - WARNING - PyNaCl is not installed, voice will NOT be supported
2025-08-28 16:01:33,390 - discord.client - INFO - logging in using static token
2025-08-28 16:01:35,366 - discord.gateway - INFO - Shard ID None has connected to Gateway (Session ID: a8c2c1dac9dbfaf20bdccbd55b9819f4).
2025-08-28 16:40:25,089 - discord.client - WARNING - PyNaCl is not installed, voice will NOT be supported
2025-08-28 16:40:25,090 - discord.client - INFO - logging in using static token
2025-08-28 16:40:27,024 - discord.gateway - INFO - Shard ID None has connected to Gateway (Session ID: f92549eee3889bfb4b99d75b3d7e7f95).
2025-08-28 16:42:32,857 - discord.app_commands.tree - ERROR - Ignoring exception in command 'shop'
Traceback (most recent call last):
  File "H:\Github Repositories\pokebot\venv\Lib\site-packages\discord\app_commands\commands.py", line 858, in _do_call
    return await self._callback(self.binding, interaction, **params)  # type: ignore
           ^^^^^^^^^^^^^^^^^^^^^^^^^^^^^^^^^^^^^^^^^^^^^^^^^^^^^^^^^
  File "H:\Github Repositories\pokebot\cogs\shop.py", line 43, in shop
    await interaction.response.send_message(embed=embed)
  File "H:\Github Repositories\pokebot\venv\Lib\site-packages\discord\interactions.py", line 1051, in send_message
    response = await adapter.create_interaction_response(
               ^^^^^^^^^^^^^^^^^^^^^^^^^^^^^^^^^^^^^^^^^^
  File "H:\Github Repositories\pokebot\venv\Lib\site-packages\discord\webhook\async_.py", line 226, in request
    raise HTTPException(response, data)
discord.errors.HTTPException: 400 Bad Request (error code: 50035): Invalid Form Body
In data.embeds.0.fields: Must be 25 or fewer in length.

The above exception was the direct cause of the following exception:

Traceback (most recent call last):
  File "H:\Github Repositories\pokebot\venv\Lib\site-packages\discord\app_commands\tree.py", line 1297, in _call
    await command._invoke_with_namespace(interaction, namespace)
  File "H:\Github Repositories\pokebot\venv\Lib\site-packages\discord\app_commands\commands.py", line 884, in _invoke_with_namespace
    return await self._do_call(interaction, transformed_values)
           ^^^^^^^^^^^^^^^^^^^^^^^^^^^^^^^^^^^^^^^^^^^^^^^^^^^^
  File "H:\Github Repositories\pokebot\venv\Lib\site-packages\discord\app_commands\commands.py", line 877, in _do_call
    raise CommandInvokeError(self, e) from e
discord.app_commands.errors.CommandInvokeError: Command 'shop' raised an exception: HTTPException: 400 Bad Request (error code: 50035): Invalid Form Body
In data.embeds.0.fields: Must be 25 or fewer in length.
2025-08-28 16:43:47,855 - discord.client - WARNING - PyNaCl is not installed, voice will NOT be supported
2025-08-28 16:43:47,857 - discord.client - INFO - logging in using static token
2025-08-28 16:43:49,900 - discord.gateway - INFO - Shard ID None has connected to Gateway (Session ID: f719ed3ab0b16efe0a7cc203fd7b0d5c).
2025-08-28 16:49:05,689 - root - ERROR - Unexpected error in catch: Hybrid command raised an error: Command 'catch' raised an exception: ForeignKeyViolationError: insert or update on table "pokemon" violates foreign key constraint "pokemon_species_id_fkey"
DETAIL:  Key (species_id)=(21) is not present in table "pokemon_species".
2025-08-28 16:49:05,691 - root - ERROR - NoneType: None

2025-08-28 16:52:29,750 - discord.client - WARNING - PyNaCl is not installed, voice will NOT be supported
2025-08-28 16:52:29,751 - discord.client - INFO - logging in using static token
2025-08-28 16:52:31,639 - discord.gateway - INFO - Shard ID None has connected to Gateway (Session ID: d1da3eb6b15e5978335688f0d0c2b6ef).
2025-08-28 16:59:04,597 - discord.client - WARNING - PyNaCl is not installed, voice will NOT be supported
2025-08-28 16:59:04,598 - discord.client - INFO - logging in using static token
2025-08-28 16:59:06,557 - discord.gateway - INFO - Shard ID None has connected to Gateway (Session ID: ee71239c849752bb12275ddc23791ec9).
2025-08-28 17:07:13,976 - discord.client - WARNING - PyNaCl is not installed, voice will NOT be supported
2025-08-28 17:07:13,977 - discord.client - INFO - logging in using static token
2025-08-28 17:07:15,976 - discord.gateway - INFO - Shard ID None has connected to Gateway (Session ID: 4309568c4bf642a7e4a30e60d270a8c2).
2025-08-28 17:07:31,013 - asyncio - ERROR - Task exception was never retrieved
future: <Task finished name='CommandTree-invoker' coro=<CommandTree._from_interaction.<locals>.wrapper() done, defined at H:\Github Repositories\pokebot\venv\Lib\site-packages\discord\app_commands\tree.py:1136> exception=TypeError("Admin.admin_check() missing 1 required positional argument: 'interaction'")>
Traceback (most recent call last):
  File "H:\Github Repositories\pokebot\venv\Lib\site-packages\discord\app_commands\tree.py", line 1138, in wrapper
    await self._call(interaction)
  File "H:\Github Repositories\pokebot\venv\Lib\site-packages\discord\app_commands\tree.py", line 1297, in _call
    await command._invoke_with_namespace(interaction, namespace)
  File "H:\Github Repositories\pokebot\venv\Lib\site-packages\discord\app_commands\commands.py", line 880, in _invoke_with_namespace
    if not await self._check_can_run(interaction):
           ^^^^^^^^^^^^^^^^^^^^^^^^^^^^^^^^^^^^^^
  File "H:\Github Repositories\pokebot\venv\Lib\site-packages\discord\app_commands\commands.py", line 1018, in _check_can_run
    return await async_all(f(interaction) for f in predicates)  # type: ignore
           ^^^^^^^^^^^^^^^^^^^^^^^^^^^^^^^^^^^^^^^^^^^^^^^^^^^
  File "H:\Github Repositories\pokebot\venv\Lib\site-packages\discord\utils.py", line 713, in async_all
    for elem in gen:
  File "H:\Github Repositories\pokebot\venv\Lib\site-packages\discord\app_commands\commands.py", line 1018, in <genexpr>
    return await async_all(f(interaction) for f in predicates)  # type: ignore
                           ^^^^^^^^^^^^^^
TypeError: Admin.admin_check() missing 1 required positional argument: 'interaction'
2025-08-28 17:08:15,849 - asyncio - ERROR - Task exception was never retrieved
future: <Task finished name='CommandTree-invoker' coro=<CommandTree._from_interaction.<locals>.wrapper() done, defined at H:\Github Repositories\pokebot\venv\Lib\site-packages\discord\app_commands\tree.py:1136> exception=TypeError("Admin.admin_check() missing 1 required positional argument: 'interaction'")>
Traceback (most recent call last):
  File "H:\Github Repositories\pokebot\venv\Lib\site-packages\discord\app_commands\tree.py", line 1138, in wrapper
    await self._call(interaction)
  File "H:\Github Repositories\pokebot\venv\Lib\site-packages\discord\app_commands\tree.py", line 1297, in _call
    await command._invoke_with_namespace(interaction, namespace)
  File "H:\Github Repositories\pokebot\venv\Lib\site-packages\discord\app_commands\commands.py", line 880, in _invoke_with_namespace
    if not await self._check_can_run(interaction):
           ^^^^^^^^^^^^^^^^^^^^^^^^^^^^^^^^^^^^^^
  File "H:\Github Repositories\pokebot\venv\Lib\site-packages\discord\app_commands\commands.py", line 1018, in _check_can_run
    return await async_all(f(interaction) for f in predicates)  # type: ignore
           ^^^^^^^^^^^^^^^^^^^^^^^^^^^^^^^^^^^^^^^^^^^^^^^^^^^
  File "H:\Github Repositories\pokebot\venv\Lib\site-packages\discord\utils.py", line 713, in async_all
    for elem in gen:
  File "H:\Github Repositories\pokebot\venv\Lib\site-packages\discord\app_commands\commands.py", line 1018, in <genexpr>
    return await async_all(f(interaction) for f in predicates)  # type: ignore
                           ^^^^^^^^^^^^^^
TypeError: Admin.admin_check() missing 1 required positional argument: 'interaction'
2025-08-28 17:08:51,700 - discord.client - WARNING - PyNaCl is not installed, voice will NOT be supported
2025-08-28 17:08:51,702 - discord.client - INFO - logging in using static token
2025-08-28 17:08:53,646 - discord.gateway - INFO - Shard ID None has connected to Gateway (Session ID: 4a85af08c1444f069c83ae944049772e).
2025-08-28 17:12:36,881 - discord.ui.view - ERROR - Ignoring exception in view <BattleMoveView timeout=180 children=2> for item <Button style=<ButtonStyle.secondary: 2> url=None disabled=False label='Tail Whip' emoji=None row=None sku_id=None id=None>
Traceback (most recent call last):
  File "H:\Github Repositories\pokebot\venv\Lib\site-packages\discord\ui\view.py", line 555, in _scheduled_task
    await item.callback(interaction)
  File "H:\Github Repositories\pokebot\cogs\battle.py", line 375, in callback
    result = await battle_cog.use_move(self.battle_data, self.user_id, move_name)
             ^^^^^^^^^^^^^^^^^^^^^^^^^^^^^^^^^^^^^^^^^^^^^^^^^^^^^^^^^^^^^^^^^^^^
  File "H:\Github Repositories\pokebot\cogs\battle.py", line 150, in use_move
    defender_data['pokemon']['current_hp'] = max(0, defender_data['pokemon']['current_hp'] - damage)
    ~~~~~~~~~~~~~~~~~~~~~~~~^^^^^^^^^^^^^^
TypeError: 'asyncpg.Record' object does not support item assignment
2025-08-28 17:13:58,626 - discord.client - WARNING - PyNaCl is not installed, voice will NOT be supported
2025-08-28 17:13:58,627 - discord.client - INFO - logging in using static token
2025-08-28 17:14:00,607 - discord.gateway - INFO - Shard ID None has connected to Gateway (Session ID: 1dbc1364e8c80dae28041508a9b5cc87).
2025-08-28 17:21:02,124 - discord.client - WARNING - PyNaCl is not installed, voice will NOT be supported
2025-08-28 17:21:02,126 - discord.client - INFO - logging in using static token
2025-08-28 17:21:04,119 - discord.gateway - INFO - Shard ID None has connected to Gateway (Session ID: ec54e63a4ef5575222d45ae06ce4bcdc).
2025-08-28 17:22:22,971 - discord.client - WARNING - PyNaCl is not installed, voice will NOT be supported
2025-08-28 17:22:22,972 - discord.client - INFO - logging in using static token
2025-08-28 17:22:24,805 - discord.gateway - INFO - Shard ID None has connected to Gateway (Session ID: 9195966788341c948583d1dbda91da2e).
2025-08-28 17:25:57,661 - discord.client - WARNING - PyNaCl is not installed, voice will NOT be supported
2025-08-28 17:25:57,663 - discord.client - INFO - logging in using static token
2025-08-28 17:27:05,898 - discord.client - WARNING - PyNaCl is not installed, voice will NOT be supported
2025-08-28 17:27:05,899 - discord.client - INFO - logging in using static token
2025-08-28 17:28:21,663 - discord.client - WARNING - PyNaCl is not installed, voice will NOT be supported
2025-08-28 17:28:21,665 - discord.client - INFO - logging in using static token
2025-08-28 17:28:23,805 - discord.gateway - INFO - Shard ID None has connected to Gateway (Session ID: 5117d791193fd8db89ac82e9f15de72e).
2025-08-28 18:17:43,092 - discord.client - WARNING - PyNaCl is not installed, voice will NOT be supported
2025-08-28 18:17:43,093 - discord.client - INFO - logging in using static token
2025-08-28 18:17:45,083 - discord.gateway - INFO - Shard ID None has connected to Gateway (Session ID: 2e12b57c2ab4e2004530625025a1ac15).
2025-08-28 18:20:16,544 - discord.client - WARNING - PyNaCl is not installed, voice will NOT be supported
2025-08-28 18:20:16,545 - discord.client - INFO - logging in using static token
2025-08-28 18:20:18,578 - discord.gateway - INFO - Shard ID None has connected to Gateway (Session ID: db8753d235c820907d8055d8df6b5896).
2025-08-28 18:37:19,816 - discord.client - WARNING - PyNaCl is not installed, voice will NOT be supported
2025-08-28 18:37:19,818 - discord.client - INFO - logging in using static token
2025-08-28 18:37:21,883 - discord.gateway - INFO - Shard ID None has connected to Gateway (Session ID: 76bbc3b053c831299fc6d5130e900355).
2025-08-28 18:39:54,347 - discord.app_commands.tree - ERROR - Ignoring exception in command 'deposit'
Traceback (most recent call last):
  File "H:\Github Repositories\pokebot\venv\Lib\site-packages\aiohttp\connector.py", line 1532, in _create_direct_connection
    hosts = await self._resolve_host(host, port, traces=traces)
            ^^^^^^^^^^^^^^^^^^^^^^^^^^^^^^^^^^^^^^^^^^^^^^^^^^^
  File "H:\Github Repositories\pokebot\venv\Lib\site-packages\aiohttp\connector.py", line 1148, in _resolve_host
    return await asyncio.shield(resolved_host_task)
           ^^^^^^^^^^^^^^^^^^^^^^^^^^^^^^^^^^^^^^^^
  File "H:\Github Repositories\pokebot\venv\Lib\site-packages\aiohttp\connector.py", line 1179, in _resolve_host_with_throttle
    addrs = await self._resolver.resolve(host, port, family=self._family)
            ^^^^^^^^^^^^^^^^^^^^^^^^^^^^^^^^^^^^^^^^^^^^^^^^^^^^^^^^^^^^^
  File "H:\Github Repositories\pokebot\venv\Lib\site-packages\aiohttp\resolver.py", line 40, in resolve
    infos = await self._loop.getaddrinfo(
            ^^^^^^^^^^^^^^^^^^^^^^^^^^^^^
  File "C:\Users\slato\AppData\Local\Programs\Python\Python311\Lib\asyncio\base_events.py", line 868, in getaddrinfo
    return await self.run_in_executor(
           ^^^^^^^^^^^^^^^^^^^^^^^^^^^
  File "C:\Users\slato\AppData\Local\Programs\Python\Python311\Lib\concurrent\futures\thread.py", line 58, in run
    result = self.fn(*self.args, **self.kwargs)
             ^^^^^^^^^^^^^^^^^^^^^^^^^^^^^^^^^^
  File "C:\Users\slato\AppData\Local\Programs\Python\Python311\Lib\socket.py", line 962, in getaddrinfo
    for res in _socket.getaddrinfo(host, port, family, type, proto, flags):
               ^^^^^^^^^^^^^^^^^^^^^^^^^^^^^^^^^^^^^^^^^^^^^^^^^^^^^^^^^^^
socket.gaierror: [Errno 11001] getaddrinfo failed

The above exception was the direct cause of the following exception:

Traceback (most recent call last):
  File "H:\Github Repositories\pokebot\venv\Lib\site-packages\discord\app_commands\commands.py", line 858, in _do_call
    return await self._callback(self.binding, interaction, **params)  # type: ignore
           ^^^^^^^^^^^^^^^^^^^^^^^^^^^^^^^^^^^^^^^^^^^^^^^^^^^^^^^^^
  File "H:\Github Repositories\pokebot\cogs\pokemon.py", line 90, in deposit
    await interaction.response.send_message(f"Deposited {species['name']} to PC!")
  File "H:\Github Repositories\pokebot\venv\Lib\site-packages\discord\interactions.py", line 1051, in send_message
    response = await adapter.create_interaction_response(
               ^^^^^^^^^^^^^^^^^^^^^^^^^^^^^^^^^^^^^^^^^^
  File "H:\Github Repositories\pokebot\venv\Lib\site-packages\discord\webhook\async_.py", line 182, in request
    async with session.request(
  File "H:\Github Repositories\pokebot\venv\Lib\site-packages\aiohttp\client.py", line 1488, in __aenter__
    self._resp: _RetType = await self._coro
                           ^^^^^^^^^^^^^^^^
  File "H:\Github Repositories\pokebot\venv\Lib\site-packages\aiohttp\client.py", line 770, in _request
    resp = await handler(req)
           ^^^^^^^^^^^^^^^^^^
  File "H:\Github Repositories\pokebot\venv\Lib\site-packages\aiohttp\client.py", line 725, in _connect_and_send_request
    conn = await self._connector.connect(
           ^^^^^^^^^^^^^^^^^^^^^^^^^^^^^^
  File "H:\Github Repositories\pokebot\venv\Lib\site-packages\aiohttp\connector.py", line 642, in connect
    proto = await self._create_connection(req, traces, timeout)
            ^^^^^^^^^^^^^^^^^^^^^^^^^^^^^^^^^^^^^^^^^^^^^^^^^^^
  File "H:\Github Repositories\pokebot\venv\Lib\site-packages\aiohttp\connector.py", line 1209, in _create_connection
    _, proto = await self._create_direct_connection(req, traces, timeout)
               ^^^^^^^^^^^^^^^^^^^^^^^^^^^^^^^^^^^^^^^^^^^^^^^^^^^^^^^^^^
  File "H:\Github Repositories\pokebot\venv\Lib\site-packages\aiohttp\connector.py", line 1538, in _create_direct_connection
    raise ClientConnectorDNSError(req.connection_key, exc) from exc
aiohttp.client_exceptions.ClientConnectorDNSError: Cannot connect to host discord.com:443 ssl:default [getaddrinfo failed]

The above exception was the direct cause of the following exception:

Traceback (most recent call last):
  File "H:\Github Repositories\pokebot\venv\Lib\site-packages\discord\app_commands\tree.py", line 1297, in _call
    await command._invoke_with_namespace(interaction, namespace)
  File "H:\Github Repositories\pokebot\venv\Lib\site-packages\discord\app_commands\commands.py", line 884, in _invoke_with_namespace
    return await self._do_call(interaction, transformed_values)
           ^^^^^^^^^^^^^^^^^^^^^^^^^^^^^^^^^^^^^^^^^^^^^^^^^^^^
  File "H:\Github Repositories\pokebot\venv\Lib\site-packages\discord\app_commands\commands.py", line 877, in _do_call
    raise CommandInvokeError(self, e) from e
discord.app_commands.errors.CommandInvokeError: Command 'deposit' raised an exception: ClientConnectorDNSError: Cannot connect to host discord.com:443 ssl:default [getaddrinfo failed]
2025-08-28 19:58:12,711 - discord.gateway - INFO - Shard ID None has successfully RESUMED session 76bbc3b053c831299fc6d5130e900355.
2025-08-28 20:30:26,034 - discord.gateway - INFO - Shard ID None has successfully RESUMED session 76bbc3b053c831299fc6d5130e900355.
2025-08-28 21:14:26,218 - discord.gateway - INFO - Shard ID None has successfully RESUMED session 76bbc3b053c831299fc6d5130e900355.
2025-08-28 22:51:28,783 - discord.gateway - INFO - Shard ID None has successfully RESUMED session 76bbc3b053c831299fc6d5130e900355.
2025-08-28 22:57:12,591 - discord.gateway - INFO - Shard ID None has successfully RESUMED session 76bbc3b053c831299fc6d5130e900355.
2025-08-28 23:49:58,967 - discord.gateway - INFO - Shard ID None has successfully RESUMED session 76bbc3b053c831299fc6d5130e900355.
2025-08-29 01:01:29,760 - discord.gateway - INFO - Shard ID None has successfully RESUMED session 76bbc3b053c831299fc6d5130e900355.
2025-08-29 02:34:59,944 - discord.gateway - INFO - Shard ID None has successfully RESUMED session 76bbc3b053c831299fc6d5130e900355.
2025-08-29 02:37:03,766 - discord.gateway - INFO - Shard ID None has successfully RESUMED session 76bbc3b053c831299fc6d5130e900355.
2025-08-29 03:45:37,878 - discord.app_commands.tree - ERROR - Ignoring exception in command 'setspawn'
Traceback (most recent call last):
  File "H:\Github Repositories\pokebot\venv\Lib\site-packages\discord\app_commands\tree.py", line 1297, in _call
    await command._invoke_with_namespace(interaction, namespace)
  File "H:\Github Repositories\pokebot\venv\Lib\site-packages\discord\app_commands\commands.py", line 883, in _invoke_with_namespace
    transformed_values = await self._transform_arguments(interaction, namespace)
                         ^^^^^^^^^^^^^^^^^^^^^^^^^^^^^^^^^^^^^^^^^^^^^^^^^^^^^^^
  File "H:\Github Repositories\pokebot\venv\Lib\site-packages\discord\app_commands\commands.py", line 849, in _transform_arguments
    transformed_values[param.name] = await param.transform(interaction, value)
                                     ^^^^^^^^^^^^^^^^^^^^^^^^^^^^^^^^^^^^^^^^^
  File "H:\Github Repositories\pokebot\venv\Lib\site-packages\discord\app_commands\transformers.py", line 182, in transform
    return await maybe_coroutine(self._annotation.transform, interaction, value)
           ^^^^^^^^^^^^^^^^^^^^^^^^^^^^^^^^^^^^^^^^^^^^^^^^^^^^^^^^^^^^^^^^^^^^^
  File "H:\Github Repositories\pokebot\venv\Lib\site-packages\discord\utils.py", line 703, in maybe_coroutine
    return await value
           ^^^^^^^^^^^
  File "H:\Github Repositories\pokebot\venv\Lib\site-packages\discord\app_commands\transformers.py", line 662, in transform
    raise TransformerError(value, AppCommandOptionType.channel, self)
discord.app_commands.errors.TransformerError: Failed to convert general to TextChannel
2025-08-29 03:46:42,878 - discord.app_commands.tree - ERROR - Ignoring exception in command 'setspawn'
Traceback (most recent call last):
  File "H:\Github Repositories\pokebot\venv\Lib\site-packages\discord\app_commands\tree.py", line 1297, in _call
    await command._invoke_with_namespace(interaction, namespace)
  File "H:\Github Repositories\pokebot\venv\Lib\site-packages\discord\app_commands\commands.py", line 883, in _invoke_with_namespace
    transformed_values = await self._transform_arguments(interaction, namespace)
                         ^^^^^^^^^^^^^^^^^^^^^^^^^^^^^^^^^^^^^^^^^^^^^^^^^^^^^^^
  File "H:\Github Repositories\pokebot\venv\Lib\site-packages\discord\app_commands\commands.py", line 849, in _transform_arguments
    transformed_values[param.name] = await param.transform(interaction, value)
                                     ^^^^^^^^^^^^^^^^^^^^^^^^^^^^^^^^^^^^^^^^^
  File "H:\Github Repositories\pokebot\venv\Lib\site-packages\discord\app_commands\transformers.py", line 182, in transform
    return await maybe_coroutine(self._annotation.transform, interaction, value)
           ^^^^^^^^^^^^^^^^^^^^^^^^^^^^^^^^^^^^^^^^^^^^^^^^^^^^^^^^^^^^^^^^^^^^^
  File "H:\Github Repositories\pokebot\venv\Lib\site-packages\discord\utils.py", line 703, in maybe_coroutine
    return await value
           ^^^^^^^^^^^
  File "H:\Github Repositories\pokebot\venv\Lib\site-packages\discord\app_commands\transformers.py", line 662, in transform
    raise TransformerError(value, AppCommandOptionType.channel, self)
discord.app_commands.errors.TransformerError: Failed to convert general to TextChannel
2025-08-29 03:47:25,725 - discord.client - WARNING - PyNaCl is not installed, voice will NOT be supported
2025-08-29 03:47:25,727 - discord.client - INFO - logging in using static token
2025-08-29 03:47:27,745 - discord.gateway - INFO - Shard ID None has connected to Gateway (Session ID: 6889a06861d22bae7a98ba6802e4780b).
2025-08-29 03:47:40,328 - discord.app_commands.tree - ERROR - Ignoring exception in command 'setspawn'
Traceback (most recent call last):
  File "H:\Github Repositories\pokebot\venv\Lib\site-packages\discord\app_commands\tree.py", line 1297, in _call
    await command._invoke_with_namespace(interaction, namespace)
  File "H:\Github Repositories\pokebot\venv\Lib\site-packages\discord\app_commands\commands.py", line 883, in _invoke_with_namespace
    transformed_values = await self._transform_arguments(interaction, namespace)
                         ^^^^^^^^^^^^^^^^^^^^^^^^^^^^^^^^^^^^^^^^^^^^^^^^^^^^^^^
  File "H:\Github Repositories\pokebot\venv\Lib\site-packages\discord\app_commands\commands.py", line 849, in _transform_arguments
    transformed_values[param.name] = await param.transform(interaction, value)
                                     ^^^^^^^^^^^^^^^^^^^^^^^^^^^^^^^^^^^^^^^^^
  File "H:\Github Repositories\pokebot\venv\Lib\site-packages\discord\app_commands\transformers.py", line 182, in transform
    return await maybe_coroutine(self._annotation.transform, interaction, value)
           ^^^^^^^^^^^^^^^^^^^^^^^^^^^^^^^^^^^^^^^^^^^^^^^^^^^^^^^^^^^^^^^^^^^^^
  File "H:\Github Repositories\pokebot\venv\Lib\site-packages\discord\utils.py", line 703, in maybe_coroutine
    return await value
           ^^^^^^^^^^^
  File "H:\Github Repositories\pokebot\venv\Lib\site-packages\discord\app_commands\transformers.py", line 662, in transform
    raise TransformerError(value, AppCommandOptionType.channel, self)
discord.app_commands.errors.TransformerError: Failed to convert general to TextChannel
2025-08-29 04:00:27,514 - discord.client - WARNING - PyNaCl is not installed, voice will NOT be supported
2025-08-29 04:00:27,517 - discord.client - INFO - logging in using static token
2025-08-29 04:00:29,822 - discord.gateway - INFO - Shard ID None has connected to Gateway (Session ID: 2dc801a83dcee053130a02fb0e65e33a).
2025-08-29 04:11:51,338 - discord.ui.view - ERROR - Ignoring exception in view <GymMoveView timeout=180 children=2> for item <Button style=<ButtonStyle.secondary: 2> url=None disabled=False label='Tackle' emoji=None row=None sku_id=None id=2>
Traceback (most recent call last):
  File "H:\Github Repositories\pokebot\venv\Lib\site-packages\discord\ui\view.py", line 555, in _scheduled_task
    await item.callback(interaction)
  File "H:\Github Repositories\pokebot\cogs\gym.py", line 435, in callback
    await gym_cog._send_gym_battle_status(self.battle_data)
  File "H:\Github Repositories\pokebot\cogs\gym.py", line 229, in _send_gym_battle_status
    await self._npc_turn(battle_data)
  File "H:\Github Repositories\pokebot\cogs\gym.py", line 240, in _npc_turn
    battle_data['player']['pokemon']['current_hp'] = max(0, battle_data['player']['pokemon']['current_hp'] - damage)
    ~~~~~~~~~~~~~~~~~~~~~~~~~~~~~~~~^^^^^^^^^^^^^^
TypeError: 'asyncpg.Record' object does not support item assignment
2025-08-29 04:42:18,397 - discord.client - WARNING - PyNaCl is not installed, voice will NOT be supported
2025-08-29 04:42:18,399 - discord.client - INFO - logging in using static token
2025-08-29 04:42:20,470 - discord.gateway - INFO - Shard ID None has connected to Gateway (Session ID: 5afe524bf1371b08948ac23e5c50f6b1).
2025-08-29 04:46:46,352 - discord.app_commands.tree - ERROR - Ignoring exception in command 'gym'
Traceback (most recent call last):
  File "H:\Github Repositories\pokebot\venv\Lib\site-packages\discord\app_commands\commands.py", line 858, in _do_call
    return await self._callback(self.binding, interaction, **params)  # type: ignore
           ^^^^^^^^^^^^^^^^^^^^^^^^^^^^^^^^^^^^^^^^^^^^^^^^^^^^^^^^^
  File "H:\Github Repositories\pokebot\cogs\gym.py", line 45, in gym_battle
    await self._start_gym_battle(interaction, leader, party[0])
  File "H:\Github Repositories\pokebot\cogs\gym.py", line 119, in _start_gym_battle
    battle_data['timeout_task'] = asyncio.create_task(self._handle_gym_timeout(battle_data, interaction.user.id))
                                  ^^^^^^^
NameError: name 'asyncio' is not defined

The above exception was the direct cause of the following exception:

Traceback (most recent call last):
  File "H:\Github Repositories\pokebot\venv\Lib\site-packages\discord\app_commands\tree.py", line 1297, in _call
    await command._invoke_with_namespace(interaction, namespace)
  File "H:\Github Repositories\pokebot\venv\Lib\site-packages\discord\app_commands\commands.py", line 884, in _invoke_with_namespace
    return await self._do_call(interaction, transformed_values)
           ^^^^^^^^^^^^^^^^^^^^^^^^^^^^^^^^^^^^^^^^^^^^^^^^^^^^
  File "H:\Github Repositories\pokebot\venv\Lib\site-packages\discord\app_commands\commands.py", line 877, in _do_call
    raise CommandInvokeError(self, e) from e
discord.app_commands.errors.CommandInvokeError: Command 'gym' raised an exception: NameError: name 'asyncio' is not defined
2025-08-29 04:48:02,628 - discord.client - WARNING - PyNaCl is not installed, voice will NOT be supported
2025-08-29 04:48:02,630 - discord.client - INFO - logging in using static token
2025-08-29 04:48:04,993 - discord.gateway - INFO - Shard ID None has connected to Gateway (Session ID: 4c102b7ff62325214ce838e90f2920ac).
2025-08-29 04:50:12,289 - discord.app_commands.tree - ERROR - Ignoring exception in command 'gym'
Traceback (most recent call last):
  File "H:\Github Repositories\pokebot\venv\Lib\site-packages\discord\app_commands\commands.py", line 858, in _do_call
    return await self._callback(self.binding, interaction, **params)  # type: ignore
           ^^^^^^^^^^^^^^^^^^^^^^^^^^^^^^^^^^^^^^^^^^^^^^^^^^^^^^^^^
  File "H:\Github Repositories\pokebot\cogs\gym.py", line 46, in gym_battle
    await self._start_gym_battle(interaction, leader, party[0])
  File "H:\Github Repositories\pokebot\cogs\gym.py", line 120, in _start_gym_battle
    battle_data['timeout_task'] = asyncio.create_task(self._handle_gym_timeout(battle_data, interaction.user.id))
                                                      ^^^^^^^^^^^^^^^^^^^^^^^^
AttributeError: 'Gym' object has no attribute '_handle_gym_timeout'

The above exception was the direct cause of the following exception:

Traceback (most recent call last):
  File "H:\Github Repositories\pokebot\venv\Lib\site-packages\discord\app_commands\tree.py", line 1297, in _call
    await command._invoke_with_namespace(interaction, namespace)
  File "H:\Github Repositories\pokebot\venv\Lib\site-packages\discord\app_commands\commands.py", line 884, in _invoke_with_namespace
    return await self._do_call(interaction, transformed_values)
           ^^^^^^^^^^^^^^^^^^^^^^^^^^^^^^^^^^^^^^^^^^^^^^^^^^^^
  File "H:\Github Repositories\pokebot\venv\Lib\site-packages\discord\app_commands\commands.py", line 877, in _do_call
    raise CommandInvokeError(self, e) from e
discord.app_commands.errors.CommandInvokeError: Command 'gym' raised an exception: AttributeError: 'Gym' object has no attribute '_handle_gym_timeout'
2025-08-29 04:52:21,620 - discord.client - WARNING - PyNaCl is not installed, voice will NOT be supported
2025-08-29 04:52:21,621 - discord.client - INFO - logging in using static token
2025-08-29 04:52:23,866 - discord.gateway - INFO - Shard ID None has connected to Gateway (Session ID: d77d96c7c52c7912127b5c807baa03e3).
2025-08-29 04:55:46,812 - discord.app_commands.tree - ERROR - Ignoring exception in command 'gym'
Traceback (most recent call last):
  File "H:\Github Repositories\pokebot\venv\Lib\site-packages\discord\app_commands\commands.py", line 858, in _do_call
    return await self._callback(self.binding, interaction, **params)  # type: ignore
           ^^^^^^^^^^^^^^^^^^^^^^^^^^^^^^^^^^^^^^^^^^^^^^^^^^^^^^^^^
  File "H:\Github Repositories\pokebot\cogs\gym.py", line 53, in gym_battle
    await self._start_gym_battle(interaction, leader, party[0])
  File "H:\Github Repositories\pokebot\cogs\gym.py", line 123, in _start_gym_battle
    battle_data['timeout_task'] = asyncio.create_task(self._handle_gym_timeout(battle_data, interaction.user.id))
                                                      ^^^^^^^^^^^^^^^^^^^^^^^^
AttributeError: 'Gym' object has no attribute '_handle_gym_timeout'

The above exception was the direct cause of the following exception:

Traceback (most recent call last):
  File "H:\Github Repositories\pokebot\venv\Lib\site-packages\discord\app_commands\tree.py", line 1297, in _call
    await command._invoke_with_namespace(interaction, namespace)
  File "H:\Github Repositories\pokebot\venv\Lib\site-packages\discord\app_commands\commands.py", line 884, in _invoke_with_namespace
    return await self._do_call(interaction, transformed_values)
           ^^^^^^^^^^^^^^^^^^^^^^^^^^^^^^^^^^^^^^^^^^^^^^^^^^^^
  File "H:\Github Repositories\pokebot\venv\Lib\site-packages\discord\app_commands\commands.py", line 877, in _do_call
    raise CommandInvokeError(self, e) from e
discord.app_commands.errors.CommandInvokeError: Command 'gym' raised an exception: AttributeError: 'Gym' object has no attribute '_handle_gym_timeout'
2025-08-29 04:57:07,605 - discord.client - WARNING - PyNaCl is not installed, voice will NOT be supported
2025-08-29 04:57:07,607 - discord.client - INFO - logging in using static token
2025-08-29 04:57:09,860 - discord.gateway - INFO - Shard ID None has connected to Gateway (Session ID: 780d85d242ee67658bc48cbfa20ee9c9).
2025-08-29 04:58:51,768 - discord.app_commands.tree - ERROR - Ignoring exception in command 'gym'
Traceback (most recent call last):
  File "H:\Github Repositories\pokebot\venv\Lib\site-packages\discord\app_commands\commands.py", line 858, in _do_call
    return await self._callback(self.binding, interaction, **params)  # type: ignore
           ^^^^^^^^^^^^^^^^^^^^^^^^^^^^^^^^^^^^^^^^^^^^^^^^^^^^^^^^^
  File "H:\Github Repositories\pokebot\cogs\gym.py", line 53, in gym_battle
    await self._start_gym_battle(interaction, leader, party[0])
  File "H:\Github Repositories\pokebot\cogs\gym.py", line 123, in _start_gym_battle
    battle_data['timeout_task'] = asyncio.create_task(self._handle_gym_timeout(battle_data, interaction.user.id))
                                                      ^^^^^^^^^^^^^^^^^^^^^^^^
AttributeError: 'Gym' object has no attribute '_handle_gym_timeout'

The above exception was the direct cause of the following exception:

Traceback (most recent call last):
  File "H:\Github Repositories\pokebot\venv\Lib\site-packages\discord\app_commands\tree.py", line 1297, in _call
    await command._invoke_with_namespace(interaction, namespace)
  File "H:\Github Repositories\pokebot\venv\Lib\site-packages\discord\app_commands\commands.py", line 884, in _invoke_with_namespace
    return await self._do_call(interaction, transformed_values)
           ^^^^^^^^^^^^^^^^^^^^^^^^^^^^^^^^^^^^^^^^^^^^^^^^^^^^
  File "H:\Github Repositories\pokebot\venv\Lib\site-packages\discord\app_commands\commands.py", line 877, in _do_call
    raise CommandInvokeError(self, e) from e
discord.app_commands.errors.CommandInvokeError: Command 'gym' raised an exception: AttributeError: 'Gym' object has no attribute '_handle_gym_timeout'
2025-08-29 04:59:54,321 - discord.client - WARNING - PyNaCl is not installed, voice will NOT be supported
2025-08-29 04:59:54,323 - discord.client - INFO - logging in using static token
2025-08-29 04:59:56,460 - discord.gateway - INFO - Shard ID None has connected to Gateway (Session ID: d06695861d3488d4b81ab4299d6a20f7).
2025-08-29 05:00:10,380 - discord.app_commands.tree - ERROR - Ignoring exception in command 'gym'
Traceback (most recent call last):
  File "H:\Github Repositories\pokebot\venv\Lib\site-packages\discord\app_commands\commands.py", line 858, in _do_call
    return await self._callback(self.binding, interaction, **params)  # type: ignore
           ^^^^^^^^^^^^^^^^^^^^^^^^^^^^^^^^^^^^^^^^^^^^^^^^^^^^^^^^^
  File "H:\Github Repositories\pokebot\cogs\gym.py", line 53, in gym_battle
    await self._start_gym_battle(interaction, leader, party[0])
  File "H:\Github Repositories\pokebot\cogs\gym.py", line 123, in _start_gym_battle
    battle_data['timeout_task'] = asyncio.create_task(self._handle_gym_timeout(battle_data, interaction.user.id))
                                                      ^^^^^^^^^^^^^^^^^^^^^^^^
AttributeError: 'Gym' object has no attribute '_handle_gym_timeout'

The above exception was the direct cause of the following exception:

Traceback (most recent call last):
  File "H:\Github Repositories\pokebot\venv\Lib\site-packages\discord\app_commands\tree.py", line 1297, in _call
    await command._invoke_with_namespace(interaction, namespace)
  File "H:\Github Repositories\pokebot\venv\Lib\site-packages\discord\app_commands\commands.py", line 884, in _invoke_with_namespace
    return await self._do_call(interaction, transformed_values)
           ^^^^^^^^^^^^^^^^^^^^^^^^^^^^^^^^^^^^^^^^^^^^^^^^^^^^
  File "H:\Github Repositories\pokebot\venv\Lib\site-packages\discord\app_commands\commands.py", line 877, in _do_call
    raise CommandInvokeError(self, e) from e
discord.app_commands.errors.CommandInvokeError: Command 'gym' raised an exception: AttributeError: 'Gym' object has no attribute '_handle_gym_timeout'
2025-08-29 05:01:10,460 - discord.client - WARNING - PyNaCl is not installed, voice will NOT be supported
2025-08-29 05:01:10,462 - discord.client - INFO - logging in using static token
2025-08-29 05:01:12,655 - discord.gateway - INFO - Shard ID None has connected to Gateway (Session ID: 1bda37c9b4dd7c08e03abe9656ee7eb1).
2025-08-29 05:05:50,429 - discord.client - WARNING - PyNaCl is not installed, voice will NOT be supported
2025-08-29 05:05:50,431 - discord.client - INFO - logging in using static token
2025-08-29 05:05:52,545 - discord.gateway - INFO - Shard ID None has connected to Gateway (Session ID: ececdd9d7244eb85b856c0c8fd02561f).
2025-08-29 05:26:03,838 - discord.client - WARNING - PyNaCl is not installed, voice will NOT be supported
2025-08-29 05:26:03,839 - discord.client - INFO - logging in using static token
2025-08-29 05:26:06,069 - discord.gateway - INFO - Shard ID None has connected to Gateway (Session ID: 127675e20ffa6ec7d43927c74c5e2b9c).
2025-08-29 05:28:35,159 - discord.app_commands.tree - ERROR - Ignoring exception in command 'gym'
Traceback (most recent call last):
  File "H:\Github Repositories\pokebot\venv\Lib\site-packages\discord\app_commands\commands.py", line 858, in _do_call
    return await self._callback(self.binding, interaction, **params)  # type: ignore
           ^^^^^^^^^^^^^^^^^^^^^^^^^^^^^^^^^^^^^^^^^^^^^^^^^^^^^^^^^
  File "H:\Github Repositories\pokebot\cogs\gym.py", line 53, in gym_battle
    await self._start_gym_battle(interaction, leader, party[0])
  File "H:\Github Repositories\pokebot\cogs\gym.py", line 109, in _start_gym_battle
    npc_pokemon = self._create_npc_pokemon(leader_data['team'][0])
                  ^^^^^^^^^^^^^^^^^^^^^^^^^^^^^^^^^^^^^^^^^^^^^^^^
  File "H:\Github Repositories\pokebot\cogs\gym.py", line 182, in _create_npc_pokemon
    species = POKEMON_DATA[pokemon_data['species_id']]
              ~~~~~~~~~~~~^^^^^^^^^^^^^^^^^^^^^^^^^^^^
KeyError: 71

The above exception was the direct cause of the following exception:

Traceback (most recent call last):
  File "H:\Github Repositories\pokebot\venv\Lib\site-packages\discord\app_commands\tree.py", line 1297, in _call
    await command._invoke_with_namespace(interaction, namespace)
  File "H:\Github Repositories\pokebot\venv\Lib\site-packages\discord\app_commands\commands.py", line 884, in _invoke_with_namespace
    return await self._do_call(interaction, transformed_values)
           ^^^^^^^^^^^^^^^^^^^^^^^^^^^^^^^^^^^^^^^^^^^^^^^^^^^^
  File "H:\Github Repositories\pokebot\venv\Lib\site-packages\discord\app_commands\commands.py", line 877, in _do_call
    raise CommandInvokeError(self, e) from e
discord.app_commands.errors.CommandInvokeError: Command 'gym' raised an exception: KeyError: 71
2025-08-29 05:29:11,557 - discord.client - WARNING - PyNaCl is not installed, voice will NOT be supported
2025-08-29 05:29:11,559 - discord.client - INFO - logging in using static token
2025-08-29 05:29:13,866 - discord.gateway - INFO - Shard ID None has connected to Gateway (Session ID: 077f5bf0fccff67464a8d0524b57aed2).
2025-08-29 05:37:40,497 - discord.client - WARNING - PyNaCl is not installed, voice will NOT be supported
2025-08-29 05:37:40,499 - discord.client - INFO - logging in using static token
2025-08-29 05:37:42,581 - discord.gateway - INFO - Shard ID None has connected to Gateway (Session ID: 4c483f8ad9a31b109b4702ced367eaf8).
2025-08-29 05:47:40,319 - discord.client - WARNING - PyNaCl is not installed, voice will NOT be supported
2025-08-29 05:47:40,321 - discord.client - INFO - logging in using static token
2025-08-29 05:47:42,931 - discord.gateway - INFO - Shard ID None has connected to Gateway (Session ID: 740d03eb71ecf20f6d21ce6a6fc4bdeb).
2025-08-29 06:19:59,437 - discord.client - WARNING - PyNaCl is not installed, voice will NOT be supported
2025-08-29 06:19:59,438 - discord.client - INFO - logging in using static token
2025-08-29 06:20:01,552 - discord.gateway - INFO - Shard ID None has connected to Gateway (Session ID: 118d24c53ab405582715af4294b529a8).
2025-08-29 06:23:49,853 - discord.client - WARNING - PyNaCl is not installed, voice will NOT be supported
2025-08-29 06:23:49,854 - discord.client - INFO - logging in using static token
2025-08-29 06:23:52,080 - discord.gateway - INFO - Shard ID None has connected to Gateway (Session ID: 41bc943b0dd44687ccfd74b3454b94d9).
2025-08-29 09:45:58,789 - discord.gateway - INFO - Shard ID None has successfully RESUMED session 41bc943b0dd44687ccfd74b3454b94d9.
2025-08-29 11:48:49,948 - discord.client - WARNING - PyNaCl is not installed, voice will NOT be supported
2025-08-29 11:48:49,949 - discord.client - INFO - logging in using static token
2025-08-29 11:48:51,988 - discord.gateway - INFO - Shard ID None has connected to Gateway (Session ID: 1d769224eb203e66a41a17e56d5cf81e).
2025-08-29 11:55:21,933 - discord.client - WARNING - PyNaCl is not installed, voice will NOT be supported
2025-08-29 11:55:21,934 - discord.client - INFO - logging in using static token
2025-08-29 11:55:23,942 - discord.gateway - INFO - Shard ID None has connected to Gateway (Session ID: 47b678c1ed200182b5268de6f4d24f8f).
2025-08-29 11:58:29,063 - discord.app_commands.tree - ERROR - Ignoring exception in command 'gym'
Traceback (most recent call last):
  File "H:\Github Repositories\pokebot\venv\Lib\site-packages\discord\app_commands\commands.py", line 858, in _do_call
    return await self._callback(self.binding, interaction, **params)  # type: ignore
           ^^^^^^^^^^^^^^^^^^^^^^^^^^^^^^^^^^^^^^^^^^^^^^^^^^^^^^^^^
  File "H:\Github Repositories\pokebot\cogs\gym.py", line 73, in gym_battle
    await self._start_gym_battle(interaction, leader, party[0])
  File "H:\Github Repositories\pokebot\cogs\gym.py", line 145, in _start_gym_battle
    'is_rematch': is_rematch
                  ^^^^^^^^^^
NameError: name 'is_rematch' is not defined

The above exception was the direct cause of the following exception:

Traceback (most recent call last):
  File "H:\Github Repositories\pokebot\venv\Lib\site-packages\discord\app_commands\tree.py", line 1297, in _call
    await command._invoke_with_namespace(interaction, namespace)
  File "H:\Github Repositories\pokebot\venv\Lib\site-packages\discord\app_commands\commands.py", line 884, in _invoke_with_namespace
    return await self._do_call(interaction, transformed_values)
           ^^^^^^^^^^^^^^^^^^^^^^^^^^^^^^^^^^^^^^^^^^^^^^^^^^^^
  File "H:\Github Repositories\pokebot\venv\Lib\site-packages\discord\app_commands\commands.py", line 877, in _do_call
    raise CommandInvokeError(self, e) from e
discord.app_commands.errors.CommandInvokeError: Command 'gym' raised an exception: NameError: name 'is_rematch' is not defined
2025-08-29 11:59:16,170 - discord.client - WARNING - PyNaCl is not installed, voice will NOT be supported
2025-08-29 11:59:16,171 - discord.client - INFO - logging in using static token
2025-08-29 11:59:18,327 - discord.gateway - INFO - Shard ID None has connected to Gateway (Session ID: 1d73a2fb937648b6def28c8ad3eee126).
2025-08-29 12:00:10,208 - discord.ui.view - ERROR - Ignoring exception in view <GymMoveView timeout=180 children=1> for item <Button style=<ButtonStyle.secondary: 2> url=None disabled=False label='Tackle' emoji=None row=None sku_id=None id=None>
Traceback (most recent call last):
  File "C:\Users\slato\AppData\Local\Programs\Python\Python311\Lib\asyncio\windows_events.py", line 494, in finish_recv
    return ov.getresult()
           ^^^^^^^^^^^^^^
OSError: [WinError 64] The specified network name is no longer available

During handling of the above exception, another exception occurred:

Traceback (most recent call last):
  File "C:\Users\slato\AppData\Local\Programs\Python\Python311\Lib\asyncio\proactor_events.py", line 286, in _loop_reading
    length = fut.result()
             ^^^^^^^^^^^^
  File "C:\Users\slato\AppData\Local\Programs\Python\Python311\Lib\asyncio\windows_events.py", line 854, in _poll
    value = callback(transferred, key, ov)
            ^^^^^^^^^^^^^^^^^^^^^^^^^^^^^^
  File "C:\Users\slato\AppData\Local\Programs\Python\Python311\Lib\asyncio\windows_events.py", line 498, in finish_recv
    raise ConnectionResetError(*exc.args)
ConnectionResetError: [WinError 64] The specified network name is no longer available

The above exception was the direct cause of the following exception:

Traceback (most recent call last):
  File "H:\Github Repositories\pokebot\venv\Lib\site-packages\discord\ui\view.py", line 555, in _scheduled_task
    await item.callback(interaction)
  File "H:\Github Repositories\pokebot\cogs\gym.py", line 587, in callback
    await interaction.response.send_message(result)
  File "H:\Github Repositories\pokebot\venv\Lib\site-packages\discord\interactions.py", line 1051, in send_message
    response = await adapter.create_interaction_response(
               ^^^^^^^^^^^^^^^^^^^^^^^^^^^^^^^^^^^^^^^^^^
  File "H:\Github Repositories\pokebot\venv\Lib\site-packages\discord\webhook\async_.py", line 182, in request
    async with session.request(
  File "H:\Github Repositories\pokebot\venv\Lib\site-packages\aiohttp\client.py", line 1488, in __aenter__
    self._resp: _RetType = await self._coro
                           ^^^^^^^^^^^^^^^^
  File "H:\Github Repositories\pokebot\venv\Lib\site-packages\aiohttp\client.py", line 770, in _request
    resp = await handler(req)
           ^^^^^^^^^^^^^^^^^^
  File "H:\Github Repositories\pokebot\venv\Lib\site-packages\aiohttp\client.py", line 748, in _connect_and_send_request
    await resp.start(conn)
  File "H:\Github Repositories\pokebot\venv\Lib\site-packages\aiohttp\client_reqrep.py", line 532, in start
    message, payload = await protocol.read()  # type: ignore[union-attr]
                       ^^^^^^^^^^^^^^^^^^^^^
  File "H:\Github Repositories\pokebot\venv\Lib\site-packages\aiohttp\streams.py", line 672, in read
    await self._waiter
aiohttp.client_exceptions.ClientOSError: [WinError 64] The specified network name is no longer available
2025-08-29 12:01:02,465 - discord.ui.view - ERROR - Ignoring exception in view <GymMoveView timeout=180 children=1> for item <Button style=<ButtonStyle.secondary: 2> url=None disabled=False label='Tackle' emoji=None row=None sku_id=None id=None>
Traceback (most recent call last):
  File "C:\Users\slato\AppData\Local\Programs\Python\Python311\Lib\asyncio\windows_events.py", line 494, in finish_recv
    return ov.getresult()
           ^^^^^^^^^^^^^^
OSError: [WinError 64] The specified network name is no longer available

During handling of the above exception, another exception occurred:

Traceback (most recent call last):
  File "C:\Users\slato\AppData\Local\Programs\Python\Python311\Lib\asyncio\proactor_events.py", line 286, in _loop_reading
    length = fut.result()
             ^^^^^^^^^^^^
  File "C:\Users\slato\AppData\Local\Programs\Python\Python311\Lib\asyncio\windows_events.py", line 854, in _poll
    value = callback(transferred, key, ov)
            ^^^^^^^^^^^^^^^^^^^^^^^^^^^^^^
  File "C:\Users\slato\AppData\Local\Programs\Python\Python311\Lib\asyncio\windows_events.py", line 498, in finish_recv
    raise ConnectionResetError(*exc.args)
ConnectionResetError: [WinError 64] The specified network name is no longer available

The above exception was the direct cause of the following exception:

Traceback (most recent call last):
  File "H:\Github Repositories\pokebot\venv\Lib\site-packages\discord\ui\view.py", line 555, in _scheduled_task
    await item.callback(interaction)
  File "H:\Github Repositories\pokebot\cogs\gym.py", line 594, in callback
    del self.battle_data['npc_fainted']
  File "H:\Github Repositories\pokebot\cogs\gym.py", line 266, in _send_gym_battle_status
    await self._npc_turn(battle_data)
  File "H:\Github Repositories\pokebot\cogs\gym.py", line 314, in _npc_turn
    await battle_data['channel'].send(result_text)
  File "H:\Github Repositories\pokebot\venv\Lib\site-packages\discord\abc.py", line 1703, in send
    data = await state.http.send_message(channel.id, params=params)
           ^^^^^^^^^^^^^^^^^^^^^^^^^^^^^^^^^^^^^^^^^^^^^^^^^^^^^^^^
  File "H:\Github Repositories\pokebot\venv\Lib\site-packages\discord\http.py", line 654, in request
    async with self.__session.request(method, url, **kwargs) as response:
  File "H:\Github Repositories\pokebot\venv\Lib\site-packages\aiohttp\client.py", line 1488, in __aenter__
    self._resp: _RetType = await self._coro
                           ^^^^^^^^^^^^^^^^
  File "H:\Github Repositories\pokebot\venv\Lib\site-packages\aiohttp\client.py", line 770, in _request
    resp = await handler(req)
           ^^^^^^^^^^^^^^^^^^
  File "H:\Github Repositories\pokebot\venv\Lib\site-packages\aiohttp\client.py", line 748, in _connect_and_send_request
    await resp.start(conn)
  File "H:\Github Repositories\pokebot\venv\Lib\site-packages\aiohttp\client_reqrep.py", line 532, in start
    message, payload = await protocol.read()  # type: ignore[union-attr]
                       ^^^^^^^^^^^^^^^^^^^^^
  File "H:\Github Repositories\pokebot\venv\Lib\site-packages\aiohttp\streams.py", line 672, in read
    await self._waiter
aiohttp.client_exceptions.ClientOSError: [WinError 64] The specified network name is no longer available
2025-08-29 12:01:24,826 - discord.client - WARNING - PyNaCl is not installed, voice will NOT be supported
2025-08-29 12:01:24,827 - discord.client - INFO - logging in using static token
2025-08-29 12:01:26,872 - discord.gateway - INFO - Shard ID None has connected to Gateway (Session ID: f2acb44df5db37f757d868849e6d4ead).
2025-08-29 12:22:57,212 - discord.client - WARNING - PyNaCl is not installed, voice will NOT be supported
2025-08-29 12:22:57,214 - discord.client - INFO - logging in using static token
2025-08-29 12:22:59,215 - discord.gateway - INFO - Shard ID None has connected to Gateway (Session ID: 9fd3b6e2f905222b6e3a6828ddf2f6fe).
2025-08-29 12:26:05,777 - discord.client - WARNING - PyNaCl is not installed, voice will NOT be supported
2025-08-29 12:26:05,778 - discord.client - INFO - logging in using static token
2025-08-29 12:26:07,765 - discord.gateway - INFO - Shard ID None has connected to Gateway (Session ID: 780bb2360a298da79365d1b300dd523b).
2025-08-29 12:31:24,697 - discord.client - WARNING - PyNaCl is not installed, voice will NOT be supported
2025-08-29 12:31:24,698 - discord.client - INFO - logging in using static token
2025-08-29 12:31:26,833 - discord.gateway - INFO - Shard ID None has connected to Gateway (Session ID: 46a4263719e44aae5ffa80166f5b4772).
2025-08-29 12:34:17,651 - discord.client - WARNING - PyNaCl is not installed, voice will NOT be supported
2025-08-29 12:34:17,652 - discord.client - INFO - logging in using static token
2025-08-29 12:34:19,903 - discord.gateway - INFO - Shard ID None has connected to Gateway (Session ID: 30c0d760d6999659cb963e77a1558bb1).
2025-08-29 12:42:02,267 - discord.client - WARNING - PyNaCl is not installed, voice will NOT be supported
2025-08-29 12:42:02,268 - discord.client - INFO - logging in using static token
2025-08-29 12:42:04,415 - discord.gateway - INFO - Shard ID None has connected to Gateway (Session ID: 22faf6905fb99ae4bad188d0e1337438).
2025-08-29 12:50:06,602 - discord.client - WARNING - PyNaCl is not installed, voice will NOT be supported
2025-08-29 12:50:06,603 - discord.client - INFO - logging in using static token
2025-08-29 12:50:11,350 - discord.gateway - INFO - Shard ID None has connected to Gateway (Session ID: 55224bf991357e0e312f6d13de17667c).
2025-08-29 13:23:09,662 - discord.client - WARNING - PyNaCl is not installed, voice will NOT be supported
2025-08-29 13:23:09,663 - discord.client - INFO - logging in using static token
2025-08-29 13:23:11,828 - discord.gateway - INFO - Shard ID None has connected to Gateway (Session ID: 62bf4ece764ca317bd13044ea638ebfd).
2025-08-29 13:28:32,480 - discord.client - WARNING - PyNaCl is not installed, voice will NOT be supported
2025-08-29 13:28:32,481 - discord.client - INFO - logging in using static token
2025-08-29 13:28:35,521 - discord.gateway - INFO - Shard ID None has connected to Gateway (Session ID: e0b6315b91c3f7b2be1e862090285fba).
2025-08-29 13:31:34,700 - discord.client - WARNING - PyNaCl is not installed, voice will NOT be supported
2025-08-29 13:31:34,701 - discord.client - INFO - logging in using static token
2025-08-29 13:31:36,828 - discord.gateway - INFO - Shard ID None has connected to Gateway (Session ID: 7590493ee4c2f68bf7133363e1a2efc1).
2025-08-29 13:35:02,676 - discord.client - WARNING - PyNaCl is not installed, voice will NOT be supported
2025-08-29 13:35:02,677 - discord.client - INFO - logging in using static token
2025-08-29 13:35:04,789 - discord.gateway - INFO - Shard ID None has connected to Gateway (Session ID: df2b43c97b124b0c74cf4dc82100661b).
2025-08-29 13:36:47,285 - discord.client - WARNING - PyNaCl is not installed, voice will NOT be supported
2025-08-29 13:36:47,286 - discord.client - INFO - logging in using static token
2025-08-29 13:36:49,268 - discord.gateway - INFO - Shard ID None has connected to Gateway (Session ID: e09a4af137cca48c7fac36a4fea4e2b4).
2025-08-29 13:51:34,666 - discord.client - WARNING - PyNaCl is not installed, voice will NOT be supported
2025-08-29 13:51:34,667 - discord.client - INFO - logging in using static token
2025-08-29 13:51:36,606 - discord.gateway - INFO - Shard ID None has connected to Gateway (Session ID: 40a064fdf1c2cc5245e626515a59d88d).
2025-08-29 13:57:04,767 - discord.client - WARNING - PyNaCl is not installed, voice will NOT be supported
2025-08-29 13:57:04,768 - discord.client - INFO - logging in using static token
2025-08-29 13:57:06,758 - discord.gateway - INFO - Shard ID None has connected to Gateway (Session ID: 0b0f9a06d27ca11cdf1f1aac8daa0341).
2025-08-29 15:28:00,141 - discord.gateway - INFO - Shard ID None has successfully RESUMED session 0b0f9a06d27ca11cdf1f1aac8daa0341.
2025-08-29 16:52:49,592 - discord.gateway - INFO - Shard ID None has successfully RESUMED session 0b0f9a06d27ca11cdf1f1aac8daa0341.
2025-08-30 13:48:36,319 - discord.client - WARNING - PyNaCl is not installed, voice will NOT be supported
2025-08-30 13:48:36,322 - discord.client - INFO - logging in using static token
2025-08-30 13:48:38,506 - discord.gateway - INFO - Shard ID None has connected to Gateway (Session ID: d69cfb1945f67557fd367f8b66638dbd).
2025-08-30 13:50:59,673 - discord.app_commands.tree - ERROR - Ignoring exception in command 'server'
Traceback (most recent call last):
  File "H:\Github Repositories\pokebot\cogs\core.py", line 68, in server
    await interaction.response.send_message("Server invite sent to your DMs!", ephemeral=True)
  File "H:\Github Repositories\pokebot\venv\Lib\site-packages\discord\interactions.py", line 1051, in send_message
    response = await adapter.create_interaction_response(
               ^^^^^^^^^^^^^^^^^^^^^^^^^^^^^^^^^^^^^^^^^^
  File "H:\Github Repositories\pokebot\venv\Lib\site-packages\discord\webhook\async_.py", line 224, in request
    raise NotFound(response, data)
discord.errors.NotFound: 404 Not Found (error code: 10062): Unknown interaction

During handling of the above exception, another exception occurred:

Traceback (most recent call last):
  File "H:\Github Repositories\pokebot\venv\Lib\site-packages\discord\app_commands\commands.py", line 858, in _do_call
    return await self._callback(self.binding, interaction, **params)  # type: ignore
           ^^^^^^^^^^^^^^^^^^^^^^^^^^^^^^^^^^^^^^^^^^^^^^^^^^^^^^^^^
  File "H:\Github Repositories\pokebot\cogs\core.py", line 70, in server
    await interaction.response.send_message("Main server: https://discord.gg/fH7JxycRjA", ephemeral=True)
  File "H:\Github Repositories\pokebot\venv\Lib\site-packages\discord\interactions.py", line 1051, in send_message
    response = await adapter.create_interaction_response(
               ^^^^^^^^^^^^^^^^^^^^^^^^^^^^^^^^^^^^^^^^^^
  File "H:\Github Repositories\pokebot\venv\Lib\site-packages\discord\webhook\async_.py", line 224, in request
    raise NotFound(response, data)
discord.errors.NotFound: 404 Not Found (error code: 10062): Unknown interaction

The above exception was the direct cause of the following exception:

Traceback (most recent call last):
  File "H:\Github Repositories\pokebot\venv\Lib\site-packages\discord\app_commands\tree.py", line 1297, in _call
    await command._invoke_with_namespace(interaction, namespace)
  File "H:\Github Repositories\pokebot\venv\Lib\site-packages\discord\app_commands\commands.py", line 884, in _invoke_with_namespace
    return await self._do_call(interaction, transformed_values)
           ^^^^^^^^^^^^^^^^^^^^^^^^^^^^^^^^^^^^^^^^^^^^^^^^^^^^
  File "H:\Github Repositories\pokebot\venv\Lib\site-packages\discord\app_commands\commands.py", line 877, in _do_call
    raise CommandInvokeError(self, e) from e
discord.app_commands.errors.CommandInvokeError: Command 'server' raised an exception: NotFound: 404 Not Found (error code: 10062): Unknown interaction
2025-08-30 13:56:50,695 - discord.client - WARNING - PyNaCl is not installed, voice will NOT be supported
2025-08-30 13:56:50,697 - discord.client - INFO - logging in using static token
2025-08-30 13:56:52,793 - discord.gateway - INFO - Shard ID None has connected to Gateway (Session ID: fbdc1481c46bd08d43d3f14adc1d19bd).
2025-08-30 14:09:37,601 - discord.client - WARNING - PyNaCl is not installed, voice will NOT be supported
2025-08-30 14:09:37,603 - discord.client - INFO - logging in using static token
2025-08-30 14:09:39,712 - discord.gateway - INFO - Shard ID None has connected to Gateway (Session ID: 25166e1dda66f5fcea7af7ac3f16e07f).
2025-08-30 14:26:33,692 - discord.gateway - INFO - Shard ID None has successfully RESUMED session 25166e1dda66f5fcea7af7ac3f16e07f.
2025-08-30 14:30:37,573 - discord.gateway - INFO - Shard ID None has successfully RESUMED session 25166e1dda66f5fcea7af7ac3f16e07f.
2025-08-30 14:32:14,197 - discord.client - WARNING - PyNaCl is not installed, voice will NOT be supported
2025-08-30 14:32:14,200 - discord.client - INFO - logging in using static token
2025-08-30 14:33:20,917 - discord.client - WARNING - PyNaCl is not installed, voice will NOT be supported
2025-08-30 14:33:20,923 - discord.client - INFO - logging in using static token
2025-08-30 14:33:23,456 - discord.gateway - INFO - Shard ID None has connected to Gateway (Session ID: 9887390d9dc98b3d92812b4e2c896eae).
2025-08-30 14:46:41,210 - discord.client - WARNING - PyNaCl is not installed, voice will NOT be supported
2025-08-30 14:46:41,212 - discord.client - INFO - logging in using static token
2025-08-30 14:46:43,202 - discord.gateway - INFO - Shard ID None has connected to Gateway (Session ID: eee4efd9c5920f88a94f1a6f0c9fa746).
2025-08-30 14:51:12,277 - discord.client - WARNING - PyNaCl is not installed, voice will NOT be supported
2025-08-30 14:51:12,278 - discord.client - INFO - logging in using static token
2025-08-30 14:51:14,279 - discord.gateway - INFO - Shard ID None has connected to Gateway (Session ID: 4cdfbf080a2ca8e2a696b068e2767ab2).
2025-08-30 14:56:16,592 - discord.app_commands.tree - ERROR - Ignoring exception in command 'resetuser'
Traceback (most recent call last):
  File "H:\Github Repositories\pokebot\venv\Lib\site-packages\discord\app_commands\commands.py", line 858, in _do_call
    return await self._callback(self.binding, interaction, **params)  # type: ignore
           ^^^^^^^^^^^^^^^^^^^^^^^^^^^^^^^^^^^^^^^^^^^^^^^^^^^^^^^^^
  File "H:\Github Repositories\pokebot\cogs\admin.py", line 110, in reset_user
    await self.bot.db.execute("DELETE FROM pokemon WHERE owner_id = $1", user.id)
  File "H:\Github Repositories\pokebot\utils\database.py", line 14, in execute
    return await conn.execute(query, *args)
           ^^^^^^^^^^^^^^^^^^^^^^^^^^^^^^^^
  File "H:\Github Repositories\pokebot\venv\Lib\site-packages\asyncpg\connection.py", line 352, in execute
    _, status, _ = await self._execute(
                   ^^^^^^^^^^^^^^^^^^^^
  File "H:\Github Repositories\pokebot\venv\Lib\site-packages\asyncpg\connection.py", line 1864, in _execute
    result, _ = await self.__execute(
                ^^^^^^^^^^^^^^^^^^^^^
  File "H:\Github Repositories\pokebot\venv\Lib\site-packages\asyncpg\connection.py", line 1961, in __execute
    result, stmt = await self._do_execute(
                   ^^^^^^^^^^^^^^^^^^^^^^^
  File "H:\Github Repositories\pokebot\venv\Lib\site-packages\asyncpg\connection.py", line 2024, in _do_execute
    result = await executor(stmt, None)
             ^^^^^^^^^^^^^^^^^^^^^^^^^^
  File "asyncpg\\protocol\\protocol.pyx", line 206, in bind_execute
asyncpg.exceptions.ForeignKeyViolationError: update or delete on table "pokemon" violates foreign key constraint "battles_opponent_pokemon_fkey" on table "battles"
DETAIL:  Key (id)=(4) is still referenced from table "battles".

The above exception was the direct cause of the following exception:

Traceback (most recent call last):
  File "H:\Github Repositories\pokebot\venv\Lib\site-packages\discord\app_commands\tree.py", line 1297, in _call
    await command._invoke_with_namespace(interaction, namespace)
  File "H:\Github Repositories\pokebot\venv\Lib\site-packages\discord\app_commands\commands.py", line 884, in _invoke_with_namespace
    return await self._do_call(interaction, transformed_values)
           ^^^^^^^^^^^^^^^^^^^^^^^^^^^^^^^^^^^^^^^^^^^^^^^^^^^^
  File "H:\Github Repositories\pokebot\venv\Lib\site-packages\discord\app_commands\commands.py", line 877, in _do_call
    raise CommandInvokeError(self, e) from e
discord.app_commands.errors.CommandInvokeError: Command 'resetuser' raised an exception: ForeignKeyViolationError: update or delete on table "pokemon" violates foreign key constraint "battles_opponent_pokemon_fkey" on table "battles"
DETAIL:  Key (id)=(4) is still referenced from table "battles".
2025-08-30 14:57:03,307 - discord.client - WARNING - PyNaCl is not installed, voice will NOT be supported
2025-08-30 14:57:03,310 - discord.client - INFO - logging in using static token
2025-08-30 14:57:05,438 - discord.gateway - INFO - Shard ID None has connected to Gateway (Session ID: 2c3ff2af50bc68d6f28b0a484e15371d).
2025-08-30 15:00:52,140 - discord.client - WARNING - PyNaCl is not installed, voice will NOT be supported
2025-08-30 15:00:52,141 - discord.client - INFO - logging in using static token
2025-08-30 15:00:54,114 - discord.gateway - INFO - Shard ID None has connected to Gateway (Session ID: 29a5c178f0c96d3c28e3f6b14210ccfe).
2025-08-30 15:03:37,736 - discord.client - WARNING - PyNaCl is not installed, voice will NOT be supported
2025-08-30 15:03:37,738 - discord.client - INFO - logging in using static token
2025-08-30 15:03:39,646 - discord.gateway - INFO - Shard ID None has connected to Gateway (Session ID: 79c6ea7359a9c7b01a240a219e653a62).
2025-08-30 15:08:47,862 - discord.client - WARNING - PyNaCl is not installed, voice will NOT be supported
2025-08-30 15:08:47,863 - discord.client - INFO - logging in using static token
2025-08-30 15:09:38,031 - discord.client - WARNING - PyNaCl is not installed, voice will NOT be supported
2025-08-30 15:09:38,032 - discord.client - INFO - logging in using static token
2025-08-30 15:09:47,268 - discord.gateway - INFO - Shard ID None has connected to Gateway (Session ID: f306f7bc4cd165ca17b634734f31362f).
2025-08-30 15:11:27,638 - discord.client - WARNING - PyNaCl is not installed, voice will NOT be supported
2025-08-30 15:11:27,639 - discord.client - INFO - logging in using static token
2025-08-30 15:11:29,561 - discord.gateway - INFO - Shard ID None has connected to Gateway (Session ID: 500c4710dbc6a49f92ab85fbae8aced8).
2025-08-30 15:12:37,117 - discord.client - WARNING - PyNaCl is not installed, voice will NOT be supported
2025-08-30 15:12:37,118 - discord.client - INFO - logging in using static token
2025-08-30 15:12:39,072 - discord.gateway - INFO - Shard ID None has connected to Gateway (Session ID: b0c23e55fa40d565a8c142570b3334a1).
2025-08-30 15:13:45,891 - discord.client - WARNING - PyNaCl is not installed, voice will NOT be supported
2025-08-30 15:13:45,893 - discord.client - INFO - logging in using static token
2025-08-30 15:13:48,258 - discord.gateway - INFO - Shard ID None has connected to Gateway (Session ID: 5fdf4399e797a544744ac20330d3dc71).
2025-08-30 15:26:02,667 - discord.client - WARNING - PyNaCl is not installed, voice will NOT be supported
2025-08-30 15:26:02,668 - discord.client - INFO - logging in using static token
2025-08-30 15:26:04,859 - discord.gateway - INFO - Shard ID None has connected to Gateway (Session ID: 09d9ffb3b0b09192b28fdb7a0dd687eb).
2025-08-30 15:31:28,903 - discord.client - WARNING - PyNaCl is not installed, voice will NOT be supported
2025-08-30 15:31:28,904 - discord.client - INFO - logging in using static token
2025-08-30 15:31:31,475 - discord.gateway - INFO - Shard ID None has connected to Gateway (Session ID: 04ca4cbf1222fcd4aa1fdc20e61d216b).
2025-08-30 15:40:48,858 - discord.client - WARNING - PyNaCl is not installed, voice will NOT be supported
2025-08-30 15:40:48,860 - discord.client - INFO - logging in using static token
2025-08-30 15:40:51,248 - discord.gateway - INFO - Shard ID None has connected to Gateway (Session ID: f543149d8f1ac5ae055aaf2cd98da7d4).
2025-08-30 15:48:51,742 - discord.client - WARNING - PyNaCl is not installed, voice will NOT be supported
2025-08-30 15:48:51,744 - discord.client - INFO - logging in using static token
2025-08-30 15:48:53,823 - discord.gateway - INFO - Shard ID None has connected to Gateway (Session ID: 9cbefcaee70487d5df380660dc558271).
2025-08-30 16:08:00,026 - discord.client - WARNING - PyNaCl is not installed, voice will NOT be supported
2025-08-30 16:08:00,029 - discord.client - INFO - logging in using static token
2025-08-30 16:08:02,177 - discord.gateway - INFO - Shard ID None has connected to Gateway (Session ID: 79d613f68620b2c518c3a8013a162ab6).
2025-08-30 17:07:21,189 - discord.client - WARNING - PyNaCl is not installed, voice will NOT be supported
2025-08-30 17:07:21,190 - discord.client - INFO - logging in using static token
2025-08-30 17:07:23,152 - discord.gateway - INFO - Shard ID None has connected to Gateway (Session ID: a0df09b7a4f9f1df1b395886ed2bb048).
2025-08-30 17:15:21,959 - discord.app_commands.tree - ERROR - Ignoring exception in command 'spawn'
Traceback (most recent call last):
  File "H:\Github Repositories\pokebot\venv\Lib\site-packages\discord\app_commands\commands.py", line 858, in _do_call
    return await self._callback(self.binding, interaction, **params)  # type: ignore
           ^^^^^^^^^^^^^^^^^^^^^^^^^^^^^^^^^^^^^^^^^^^^^^^^^^^^^^^^^
  File "H:\Github Repositories\pokebot\cogs\admin.py", line 64, in force_spawn
    spawn_cog.active_spawns[interaction.guild.id] = {
                            ^^^^^^^^^^^^^^^^^^^^
AttributeError: 'NoneType' object has no attribute 'id'

The above exception was the direct cause of the following exception:

Traceback (most recent call last):
  File "H:\Github Repositories\pokebot\venv\Lib\site-packages\discord\app_commands\tree.py", line 1297, in _call
    await command._invoke_with_namespace(interaction, namespace)
  File "H:\Github Repositories\pokebot\venv\Lib\site-packages\discord\app_commands\commands.py", line 884, in _invoke_with_namespace
    return await self._do_call(interaction, transformed_values)
           ^^^^^^^^^^^^^^^^^^^^^^^^^^^^^^^^^^^^^^^^^^^^^^^^^^^^
  File "H:\Github Repositories\pokebot\venv\Lib\site-packages\discord\app_commands\commands.py", line 877, in _do_call
    raise CommandInvokeError(self, e) from e
discord.app_commands.errors.CommandInvokeError: Command 'spawn' raised an exception: AttributeError: 'NoneType' object has no attribute 'id'
2025-08-30 17:18:04,622 - discord.client - WARNING - PyNaCl is not installed, voice will NOT be supported
2025-08-30 17:18:04,623 - discord.client - INFO - logging in using static token
2025-08-30 17:18:06,676 - discord.gateway - INFO - Shard ID None has connected to Gateway (Session ID: 83c0b0c43fa5275378feca5ddf81a8d8).
2025-08-30 17:25:39,900 - discord.client - WARNING - PyNaCl is not installed, voice will NOT be supported
2025-08-30 17:25:39,901 - discord.client - INFO - logging in using static token
2025-08-30 17:25:41,949 - discord.gateway - INFO - Shard ID None has connected to Gateway (Session ID: 8e24a72f20867e5337aef299183e7521).
2025-08-30 17:30:59,836 - discord.client - WARNING - PyNaCl is not installed, voice will NOT be supported
2025-08-30 17:30:59,838 - discord.client - INFO - logging in using static token
2025-08-30 17:31:02,098 - discord.gateway - INFO - Shard ID None has connected to Gateway (Session ID: 110162d53c3d3e7055ba9a1c41b2fcd8).
2025-08-30 18:41:58,178 - discord.client - WARNING - PyNaCl is not installed, voice will NOT be supported
2025-08-30 18:41:58,179 - discord.client - INFO - logging in using static token
2025-08-30 18:42:01,394 - discord.gateway - INFO - Shard ID None has connected to Gateway (Session ID: c31556b25c93aa79fe55575cb65773cf).
2025-08-30 19:10:31,666 - discord.client - WARNING - PyNaCl is not installed, voice will NOT be supported
2025-08-30 19:10:31,667 - discord.client - INFO - logging in using static token
2025-08-30 19:10:33,722 - discord.gateway - INFO - Shard ID None has connected to Gateway (Session ID: 921249a7942c3c1b6e0745971d61c122).
2025-08-30 19:25:31,816 - discord.client - WARNING - PyNaCl is not installed, voice will NOT be supported
2025-08-30 19:25:31,817 - discord.client - INFO - logging in using static token
2025-08-30 19:25:33,861 - discord.gateway - INFO - Shard ID None has connected to Gateway (Session ID: e00624c5ea11931e13f70b5ba3887150).
2025-08-30 19:43:25,147 - discord.client - WARNING - PyNaCl is not installed, voice will NOT be supported
2025-08-30 19:43:25,149 - discord.client - INFO - logging in using static token
2025-08-30 19:43:27,372 - discord.gateway - INFO - Shard ID None has connected to Gateway (Session ID: 8e549b03eff21aead488794f32255c25).
2025-08-30 20:15:59,680 - discord.client - WARNING - PyNaCl is not installed, voice will NOT be supported
2025-08-30 20:15:59,682 - discord.client - INFO - logging in using static token
2025-08-30 20:16:01,745 - discord.gateway - INFO - Shard ID None has connected to Gateway (Session ID: 08cf6bad9198d5223c3c4035355c3f8c).
2025-08-30 20:53:53,305 - discord.client - WARNING - PyNaCl is not installed, voice will NOT be supported
2025-08-30 20:53:53,306 - discord.client - INFO - logging in using static token
2025-08-30 20:53:56,206 - discord.gateway - INFO - Shard ID None has connected to Gateway (Session ID: 137ebbe3f4cff9123b583d6c28149836).
2025-08-30 23:16:49,044 - discord.gateway - INFO - Shard ID None has successfully RESUMED session 137ebbe3f4cff9123b583d6c28149836.
2025-08-31 00:56:32,051 - discord.gateway - INFO - Shard ID None has successfully RESUMED session 137ebbe3f4cff9123b583d6c28149836.
2025-08-31 01:51:22,818 - discord.gateway - INFO - Shard ID None has successfully RESUMED session 137ebbe3f4cff9123b583d6c28149836.
2025-08-31 04:07:43,434 - discord.gateway - INFO - Shard ID None has successfully RESUMED session 137ebbe3f4cff9123b583d6c28149836.
2025-08-31 06:47:15,496 - discord.gateway - INFO - Shard ID None has successfully RESUMED session 137ebbe3f4cff9123b583d6c28149836.
2025-08-31 07:04:35,850 - discord.client - WARNING - PyNaCl is not installed, voice will NOT be supported
2025-08-31 07:04:35,851 - discord.client - INFO - logging in using static token
2025-08-31 07:04:37,914 - discord.gateway - INFO - Shard ID None has connected to Gateway (Session ID: 44b7ecc4935f41f08ade0a9faa4ca795).
2025-08-31 07:12:54,967 - discord.client - WARNING - PyNaCl is not installed, voice will NOT be supported
2025-08-31 07:12:54,970 - discord.client - INFO - logging in using static token
2025-08-31 07:12:56,918 - discord.gateway - INFO - Shard ID None has connected to Gateway (Session ID: 7b59245e967d93f8cc5db402968179ea).
2025-08-31 07:13:31,280 - discord.client - ERROR - Ignoring exception in on_message
Traceback (most recent call last):
  File "H:\Github Repositories\pokebot\venv\Lib\site-packages\discord\client.py", line 504, in _run_event
    await coro(*args, **kwargs)
  File "H:\Github Repositories\pokebot\cogs\experience.py", line 38, in on_message
    await self._add_experience(pokemon, xp_per_pokemon)
  File "H:\Github Repositories\pokebot\cogs\experience.py", line 72, in _add_experience
    pokemon['experience'] = new_exp
    ~~~~~~~^^^^^^^^^^^^^^
TypeError: 'asyncpg.Record' object does not support item assignment
2025-08-31 07:13:33,420 - discord.client - ERROR - Ignoring exception in on_message
Traceback (most recent call last):
  File "H:\Github Repositories\pokebot\venv\Lib\site-packages\discord\client.py", line 504, in _run_event
    await coro(*args, **kwargs)
  File "H:\Github Repositories\pokebot\cogs\experience.py", line 38, in on_message
    await self._add_experience(pokemon, xp_per_pokemon)
  File "H:\Github Repositories\pokebot\cogs\experience.py", line 72, in _add_experience
    pokemon['experience'] = new_exp
    ~~~~~~~^^^^^^^^^^^^^^
TypeError: 'asyncpg.Record' object does not support item assignment
2025-08-31 07:13:33,963 - discord.client - ERROR - Ignoring exception in on_message
Traceback (most recent call last):
  File "H:\Github Repositories\pokebot\venv\Lib\site-packages\discord\client.py", line 504, in _run_event
    await coro(*args, **kwargs)
  File "H:\Github Repositories\pokebot\cogs\experience.py", line 38, in on_message
    await self._add_experience(pokemon, xp_per_pokemon)
  File "H:\Github Repositories\pokebot\cogs\experience.py", line 72, in _add_experience
    pokemon['experience'] = new_exp
    ~~~~~~~^^^^^^^^^^^^^^
TypeError: 'asyncpg.Record' object does not support item assignment
2025-08-31 07:13:34,805 - discord.client - ERROR - Ignoring exception in on_message
Traceback (most recent call last):
  File "H:\Github Repositories\pokebot\venv\Lib\site-packages\discord\client.py", line 504, in _run_event
    await coro(*args, **kwargs)
  File "H:\Github Repositories\pokebot\cogs\experience.py", line 38, in on_message
    await self._add_experience(pokemon, xp_per_pokemon)
  File "H:\Github Repositories\pokebot\cogs\experience.py", line 72, in _add_experience
    pokemon['experience'] = new_exp
    ~~~~~~~^^^^^^^^^^^^^^
TypeError: 'asyncpg.Record' object does not support item assignment
2025-08-31 07:13:36,209 - discord.client - ERROR - Ignoring exception in on_message
Traceback (most recent call last):
  File "H:\Github Repositories\pokebot\venv\Lib\site-packages\discord\client.py", line 504, in _run_event
    await coro(*args, **kwargs)
  File "H:\Github Repositories\pokebot\cogs\experience.py", line 38, in on_message
    await self._add_experience(pokemon, xp_per_pokemon)
  File "H:\Github Repositories\pokebot\cogs\experience.py", line 72, in _add_experience
    pokemon['experience'] = new_exp
    ~~~~~~~^^^^^^^^^^^^^^
TypeError: 'asyncpg.Record' object does not support item assignment
2025-08-31 07:13:37,112 - discord.client - ERROR - Ignoring exception in on_message
Traceback (most recent call last):
  File "H:\Github Repositories\pokebot\venv\Lib\site-packages\discord\client.py", line 504, in _run_event
    await coro(*args, **kwargs)
  File "H:\Github Repositories\pokebot\cogs\experience.py", line 38, in on_message
    await self._add_experience(pokemon, xp_per_pokemon)
  File "H:\Github Repositories\pokebot\cogs\experience.py", line 72, in _add_experience
    pokemon['experience'] = new_exp
    ~~~~~~~^^^^^^^^^^^^^^
TypeError: 'asyncpg.Record' object does not support item assignment
2025-08-31 07:13:38,294 - discord.client - ERROR - Ignoring exception in on_message
Traceback (most recent call last):
  File "H:\Github Repositories\pokebot\venv\Lib\site-packages\discord\client.py", line 504, in _run_event
    await coro(*args, **kwargs)
  File "H:\Github Repositories\pokebot\cogs\experience.py", line 38, in on_message
    await self._add_experience(pokemon, xp_per_pokemon)
  File "H:\Github Repositories\pokebot\cogs\experience.py", line 72, in _add_experience
    pokemon['experience'] = new_exp
    ~~~~~~~^^^^^^^^^^^^^^
TypeError: 'asyncpg.Record' object does not support item assignment
2025-08-31 07:13:39,437 - discord.client - ERROR - Ignoring exception in on_message
Traceback (most recent call last):
  File "H:\Github Repositories\pokebot\venv\Lib\site-packages\discord\client.py", line 504, in _run_event
    await coro(*args, **kwargs)
  File "H:\Github Repositories\pokebot\cogs\experience.py", line 38, in on_message
    await self._add_experience(pokemon, xp_per_pokemon)
  File "H:\Github Repositories\pokebot\cogs\experience.py", line 72, in _add_experience
    pokemon['experience'] = new_exp
    ~~~~~~~^^^^^^^^^^^^^^
TypeError: 'asyncpg.Record' object does not support item assignment
2025-08-31 07:13:40,545 - discord.client - ERROR - Ignoring exception in on_message
Traceback (most recent call last):
  File "H:\Github Repositories\pokebot\venv\Lib\site-packages\discord\client.py", line 504, in _run_event
    await coro(*args, **kwargs)
  File "H:\Github Repositories\pokebot\cogs\experience.py", line 38, in on_message
    await self._add_experience(pokemon, xp_per_pokemon)
  File "H:\Github Repositories\pokebot\cogs\experience.py", line 72, in _add_experience
    pokemon['experience'] = new_exp
    ~~~~~~~^^^^^^^^^^^^^^
TypeError: 'asyncpg.Record' object does not support item assignment
2025-08-31 07:13:41,565 - discord.client - ERROR - Ignoring exception in on_message
Traceback (most recent call last):
  File "H:\Github Repositories\pokebot\venv\Lib\site-packages\discord\client.py", line 504, in _run_event
    await coro(*args, **kwargs)
  File "H:\Github Repositories\pokebot\cogs\experience.py", line 38, in on_message
    await self._add_experience(pokemon, xp_per_pokemon)
  File "H:\Github Repositories\pokebot\cogs\experience.py", line 72, in _add_experience
    pokemon['experience'] = new_exp
    ~~~~~~~^^^^^^^^^^^^^^
TypeError: 'asyncpg.Record' object does not support item assignment
2025-08-31 07:13:43,960 - discord.client - ERROR - Ignoring exception in on_message
Traceback (most recent call last):
  File "H:\Github Repositories\pokebot\venv\Lib\site-packages\discord\client.py", line 504, in _run_event
    await coro(*args, **kwargs)
  File "H:\Github Repositories\pokebot\cogs\experience.py", line 38, in on_message
    await self._add_experience(pokemon, xp_per_pokemon)
  File "H:\Github Repositories\pokebot\cogs\experience.py", line 72, in _add_experience
    pokemon['experience'] = new_exp
    ~~~~~~~^^^^^^^^^^^^^^
TypeError: 'asyncpg.Record' object does not support item assignment
2025-08-31 07:13:45,363 - discord.client - ERROR - Ignoring exception in on_message
Traceback (most recent call last):
  File "H:\Github Repositories\pokebot\venv\Lib\site-packages\discord\client.py", line 504, in _run_event
    await coro(*args, **kwargs)
  File "H:\Github Repositories\pokebot\cogs\experience.py", line 38, in on_message
    await self._add_experience(pokemon, xp_per_pokemon)
  File "H:\Github Repositories\pokebot\cogs\experience.py", line 72, in _add_experience
    pokemon['experience'] = new_exp
    ~~~~~~~^^^^^^^^^^^^^^
TypeError: 'asyncpg.Record' object does not support item assignment
2025-08-31 07:13:46,741 - discord.client - ERROR - Ignoring exception in on_message
Traceback (most recent call last):
  File "H:\Github Repositories\pokebot\venv\Lib\site-packages\discord\client.py", line 504, in _run_event
    await coro(*args, **kwargs)
  File "H:\Github Repositories\pokebot\cogs\experience.py", line 38, in on_message
    await self._add_experience(pokemon, xp_per_pokemon)
  File "H:\Github Repositories\pokebot\cogs\experience.py", line 72, in _add_experience
    pokemon['experience'] = new_exp
    ~~~~~~~^^^^^^^^^^^^^^
TypeError: 'asyncpg.Record' object does not support item assignment
2025-08-31 07:13:47,811 - discord.client - ERROR - Ignoring exception in on_message
Traceback (most recent call last):
  File "H:\Github Repositories\pokebot\venv\Lib\site-packages\discord\client.py", line 504, in _run_event
    await coro(*args, **kwargs)
  File "H:\Github Repositories\pokebot\cogs\experience.py", line 38, in on_message
    await self._add_experience(pokemon, xp_per_pokemon)
  File "H:\Github Repositories\pokebot\cogs\experience.py", line 72, in _add_experience
    pokemon['experience'] = new_exp
    ~~~~~~~^^^^^^^^^^^^^^
TypeError: 'asyncpg.Record' object does not support item assignment
2025-08-31 07:13:49,544 - discord.client - ERROR - Ignoring exception in on_message
Traceback (most recent call last):
  File "H:\Github Repositories\pokebot\venv\Lib\site-packages\discord\client.py", line 504, in _run_event
    await coro(*args, **kwargs)
  File "H:\Github Repositories\pokebot\cogs\experience.py", line 38, in on_message
    await self._add_experience(pokemon, xp_per_pokemon)
  File "H:\Github Repositories\pokebot\cogs\experience.py", line 72, in _add_experience
    pokemon['experience'] = new_exp
    ~~~~~~~^^^^^^^^^^^^^^
TypeError: 'asyncpg.Record' object does not support item assignment
2025-08-31 07:13:50,669 - discord.client - ERROR - Ignoring exception in on_message
Traceback (most recent call last):
  File "H:\Github Repositories\pokebot\venv\Lib\site-packages\discord\client.py", line 504, in _run_event
    await coro(*args, **kwargs)
  File "H:\Github Repositories\pokebot\cogs\experience.py", line 38, in on_message
    await self._add_experience(pokemon, xp_per_pokemon)
  File "H:\Github Repositories\pokebot\cogs\experience.py", line 72, in _add_experience
    pokemon['experience'] = new_exp
    ~~~~~~~^^^^^^^^^^^^^^
TypeError: 'asyncpg.Record' object does not support item assignment
2025-08-31 07:13:52,604 - discord.client - ERROR - Ignoring exception in on_message
Traceback (most recent call last):
  File "H:\Github Repositories\pokebot\venv\Lib\site-packages\discord\client.py", line 504, in _run_event
    await coro(*args, **kwargs)
  File "H:\Github Repositories\pokebot\cogs\experience.py", line 38, in on_message
    await self._add_experience(pokemon, xp_per_pokemon)
  File "H:\Github Repositories\pokebot\cogs\experience.py", line 72, in _add_experience
    pokemon['experience'] = new_exp
    ~~~~~~~^^^^^^^^^^^^^^
TypeError: 'asyncpg.Record' object does not support item assignment
2025-08-31 07:13:54,443 - discord.client - ERROR - Ignoring exception in on_message
Traceback (most recent call last):
  File "H:\Github Repositories\pokebot\venv\Lib\site-packages\discord\client.py", line 504, in _run_event
    await coro(*args, **kwargs)
  File "H:\Github Repositories\pokebot\cogs\experience.py", line 38, in on_message
    await self._add_experience(pokemon, xp_per_pokemon)
  File "H:\Github Repositories\pokebot\cogs\experience.py", line 72, in _add_experience
    pokemon['experience'] = new_exp
    ~~~~~~~^^^^^^^^^^^^^^
TypeError: 'asyncpg.Record' object does not support item assignment
2025-08-31 07:13:55,865 - discord.client - ERROR - Ignoring exception in on_message
Traceback (most recent call last):
  File "H:\Github Repositories\pokebot\venv\Lib\site-packages\discord\client.py", line 504, in _run_event
    await coro(*args, **kwargs)
  File "H:\Github Repositories\pokebot\cogs\experience.py", line 38, in on_message
    await self._add_experience(pokemon, xp_per_pokemon)
  File "H:\Github Repositories\pokebot\cogs\experience.py", line 72, in _add_experience
    pokemon['experience'] = new_exp
    ~~~~~~~^^^^^^^^^^^^^^
TypeError: 'asyncpg.Record' object does not support item assignment
2025-08-31 07:13:57,191 - discord.client - ERROR - Ignoring exception in on_message
Traceback (most recent call last):
  File "H:\Github Repositories\pokebot\venv\Lib\site-packages\discord\client.py", line 504, in _run_event
    await coro(*args, **kwargs)
  File "H:\Github Repositories\pokebot\cogs\experience.py", line 38, in on_message
    await self._add_experience(pokemon, xp_per_pokemon)
  File "H:\Github Repositories\pokebot\cogs\experience.py", line 72, in _add_experience
    pokemon['experience'] = new_exp
    ~~~~~~~^^^^^^^^^^^^^^
TypeError: 'asyncpg.Record' object does not support item assignment
2025-08-31 07:13:58,333 - discord.client - ERROR - Ignoring exception in on_message
Traceback (most recent call last):
  File "H:\Github Repositories\pokebot\venv\Lib\site-packages\discord\client.py", line 504, in _run_event
    await coro(*args, **kwargs)
  File "H:\Github Repositories\pokebot\cogs\experience.py", line 38, in on_message
    await self._add_experience(pokemon, xp_per_pokemon)
  File "H:\Github Repositories\pokebot\cogs\experience.py", line 72, in _add_experience
    pokemon['experience'] = new_exp
    ~~~~~~~^^^^^^^^^^^^^^
TypeError: 'asyncpg.Record' object does not support item assignment
2025-08-31 07:15:06,443 - discord.client - ERROR - Ignoring exception in on_message
Traceback (most recent call last):
  File "H:\Github Repositories\pokebot\venv\Lib\site-packages\discord\client.py", line 504, in _run_event
    await coro(*args, **kwargs)
  File "H:\Github Repositories\pokebot\cogs\experience.py", line 38, in on_message
    await self._add_experience(pokemon, xp_per_pokemon)
  File "H:\Github Repositories\pokebot\cogs\experience.py", line 72, in _add_experience
    pokemon['experience'] = new_exp
    ~~~~~~~^^^^^^^^^^^^^^
TypeError: 'asyncpg.Record' object does not support item assignment
2025-08-31 07:15:07,148 - discord.client - ERROR - Ignoring exception in on_message
Traceback (most recent call last):
  File "H:\Github Repositories\pokebot\venv\Lib\site-packages\discord\client.py", line 504, in _run_event
    await coro(*args, **kwargs)
  File "H:\Github Repositories\pokebot\cogs\experience.py", line 38, in on_message
    await self._add_experience(pokemon, xp_per_pokemon)
  File "H:\Github Repositories\pokebot\cogs\experience.py", line 72, in _add_experience
    pokemon['experience'] = new_exp
    ~~~~~~~^^^^^^^^^^^^^^
TypeError: 'asyncpg.Record' object does not support item assignment
2025-08-31 07:15:08,372 - discord.client - ERROR - Ignoring exception in on_message
Traceback (most recent call last):
  File "H:\Github Repositories\pokebot\venv\Lib\site-packages\discord\client.py", line 504, in _run_event
    await coro(*args, **kwargs)
  File "H:\Github Repositories\pokebot\cogs\experience.py", line 38, in on_message
    await self._add_experience(pokemon, xp_per_pokemon)
  File "H:\Github Repositories\pokebot\cogs\experience.py", line 72, in _add_experience
    pokemon['experience'] = new_exp
    ~~~~~~~^^^^^^^^^^^^^^
TypeError: 'asyncpg.Record' object does not support item assignment
2025-08-31 07:15:09,207 - discord.client - ERROR - Ignoring exception in on_message
Traceback (most recent call last):
  File "H:\Github Repositories\pokebot\venv\Lib\site-packages\discord\client.py", line 504, in _run_event
    await coro(*args, **kwargs)
  File "H:\Github Repositories\pokebot\cogs\experience.py", line 38, in on_message
    await self._add_experience(pokemon, xp_per_pokemon)
  File "H:\Github Repositories\pokebot\cogs\experience.py", line 72, in _add_experience
    pokemon['experience'] = new_exp
    ~~~~~~~^^^^^^^^^^^^^^
TypeError: 'asyncpg.Record' object does not support item assignment
2025-08-31 07:15:10,179 - discord.client - ERROR - Ignoring exception in on_message
Traceback (most recent call last):
  File "H:\Github Repositories\pokebot\venv\Lib\site-packages\discord\client.py", line 504, in _run_event
    await coro(*args, **kwargs)
  File "H:\Github Repositories\pokebot\cogs\experience.py", line 38, in on_message
    await self._add_experience(pokemon, xp_per_pokemon)
  File "H:\Github Repositories\pokebot\cogs\experience.py", line 72, in _add_experience
    pokemon['experience'] = new_exp
    ~~~~~~~^^^^^^^^^^^^^^
TypeError: 'asyncpg.Record' object does not support item assignment
2025-08-31 07:15:11,280 - discord.client - ERROR - Ignoring exception in on_message
Traceback (most recent call last):
  File "H:\Github Repositories\pokebot\venv\Lib\site-packages\discord\client.py", line 504, in _run_event
    await coro(*args, **kwargs)
  File "H:\Github Repositories\pokebot\cogs\experience.py", line 38, in on_message
    await self._add_experience(pokemon, xp_per_pokemon)
  File "H:\Github Repositories\pokebot\cogs\experience.py", line 72, in _add_experience
    pokemon['experience'] = new_exp
    ~~~~~~~^^^^^^^^^^^^^^
TypeError: 'asyncpg.Record' object does not support item assignment
2025-08-31 07:15:12,236 - discord.client - ERROR - Ignoring exception in on_message
Traceback (most recent call last):
  File "H:\Github Repositories\pokebot\venv\Lib\site-packages\discord\client.py", line 504, in _run_event
    await coro(*args, **kwargs)
  File "H:\Github Repositories\pokebot\cogs\experience.py", line 38, in on_message
    await self._add_experience(pokemon, xp_per_pokemon)
  File "H:\Github Repositories\pokebot\cogs\experience.py", line 72, in _add_experience
    pokemon['experience'] = new_exp
    ~~~~~~~^^^^^^^^^^^^^^
TypeError: 'asyncpg.Record' object does not support item assignment
2025-08-31 07:15:13,735 - discord.client - ERROR - Ignoring exception in on_message
Traceback (most recent call last):
  File "H:\Github Repositories\pokebot\venv\Lib\site-packages\discord\client.py", line 504, in _run_event
    await coro(*args, **kwargs)
  File "H:\Github Repositories\pokebot\cogs\experience.py", line 38, in on_message
    await self._add_experience(pokemon, xp_per_pokemon)
  File "H:\Github Repositories\pokebot\cogs\experience.py", line 72, in _add_experience
    pokemon['experience'] = new_exp
    ~~~~~~~^^^^^^^^^^^^^^
TypeError: 'asyncpg.Record' object does not support item assignment
2025-08-31 07:15:14,677 - discord.client - ERROR - Ignoring exception in on_message
Traceback (most recent call last):
  File "H:\Github Repositories\pokebot\venv\Lib\site-packages\discord\client.py", line 504, in _run_event
    await coro(*args, **kwargs)
  File "H:\Github Repositories\pokebot\cogs\experience.py", line 38, in on_message
    await self._add_experience(pokemon, xp_per_pokemon)
  File "H:\Github Repositories\pokebot\cogs\experience.py", line 72, in _add_experience
    pokemon['experience'] = new_exp
    ~~~~~~~^^^^^^^^^^^^^^
TypeError: 'asyncpg.Record' object does not support item assignment
2025-08-31 07:15:15,697 - discord.client - ERROR - Ignoring exception in on_message
Traceback (most recent call last):
  File "H:\Github Repositories\pokebot\venv\Lib\site-packages\discord\client.py", line 504, in _run_event
    await coro(*args, **kwargs)
  File "H:\Github Repositories\pokebot\cogs\experience.py", line 38, in on_message
    await self._add_experience(pokemon, xp_per_pokemon)
  File "H:\Github Repositories\pokebot\cogs\experience.py", line 72, in _add_experience
    pokemon['experience'] = new_exp
    ~~~~~~~^^^^^^^^^^^^^^
TypeError: 'asyncpg.Record' object does not support item assignment
2025-08-31 07:15:16,946 - discord.client - ERROR - Ignoring exception in on_message
Traceback (most recent call last):
  File "H:\Github Repositories\pokebot\venv\Lib\site-packages\discord\client.py", line 504, in _run_event
    await coro(*args, **kwargs)
  File "H:\Github Repositories\pokebot\cogs\experience.py", line 38, in on_message
    await self._add_experience(pokemon, xp_per_pokemon)
  File "H:\Github Repositories\pokebot\cogs\experience.py", line 72, in _add_experience
    pokemon['experience'] = new_exp
    ~~~~~~~^^^^^^^^^^^^^^
TypeError: 'asyncpg.Record' object does not support item assignment
2025-08-31 07:15:18,101 - discord.client - ERROR - Ignoring exception in on_message
Traceback (most recent call last):
  File "H:\Github Repositories\pokebot\venv\Lib\site-packages\discord\client.py", line 504, in _run_event
    await coro(*args, **kwargs)
  File "H:\Github Repositories\pokebot\cogs\experience.py", line 38, in on_message
    await self._add_experience(pokemon, xp_per_pokemon)
  File "H:\Github Repositories\pokebot\cogs\experience.py", line 72, in _add_experience
    pokemon['experience'] = new_exp
    ~~~~~~~^^^^^^^^^^^^^^
TypeError: 'asyncpg.Record' object does not support item assignment
2025-08-31 07:15:19,426 - discord.client - ERROR - Ignoring exception in on_message
Traceback (most recent call last):
  File "H:\Github Repositories\pokebot\venv\Lib\site-packages\discord\client.py", line 504, in _run_event
    await coro(*args, **kwargs)
  File "H:\Github Repositories\pokebot\cogs\experience.py", line 38, in on_message
    await self._add_experience(pokemon, xp_per_pokemon)
  File "H:\Github Repositories\pokebot\cogs\experience.py", line 72, in _add_experience
    pokemon['experience'] = new_exp
    ~~~~~~~^^^^^^^^^^^^^^
TypeError: 'asyncpg.Record' object does not support item assignment
2025-08-31 07:15:20,638 - discord.client - ERROR - Ignoring exception in on_message
Traceback (most recent call last):
  File "H:\Github Repositories\pokebot\venv\Lib\site-packages\discord\client.py", line 504, in _run_event
    await coro(*args, **kwargs)
  File "H:\Github Repositories\pokebot\cogs\experience.py", line 38, in on_message
    await self._add_experience(pokemon, xp_per_pokemon)
  File "H:\Github Repositories\pokebot\cogs\experience.py", line 72, in _add_experience
    pokemon['experience'] = new_exp
    ~~~~~~~^^^^^^^^^^^^^^
TypeError: 'asyncpg.Record' object does not support item assignment
2025-08-31 07:15:21,954 - discord.client - ERROR - Ignoring exception in on_message
Traceback (most recent call last):
  File "H:\Github Repositories\pokebot\venv\Lib\site-packages\discord\client.py", line 504, in _run_event
    await coro(*args, **kwargs)
  File "H:\Github Repositories\pokebot\cogs\experience.py", line 38, in on_message
    await self._add_experience(pokemon, xp_per_pokemon)
  File "H:\Github Repositories\pokebot\cogs\experience.py", line 72, in _add_experience
    pokemon['experience'] = new_exp
    ~~~~~~~^^^^^^^^^^^^^^
TypeError: 'asyncpg.Record' object does not support item assignment
2025-08-31 07:15:23,532 - discord.client - ERROR - Ignoring exception in on_message
Traceback (most recent call last):
  File "H:\Github Repositories\pokebot\venv\Lib\site-packages\discord\client.py", line 504, in _run_event
    await coro(*args, **kwargs)
  File "H:\Github Repositories\pokebot\cogs\experience.py", line 38, in on_message
    await self._add_experience(pokemon, xp_per_pokemon)
  File "H:\Github Repositories\pokebot\cogs\experience.py", line 72, in _add_experience
    pokemon['experience'] = new_exp
    ~~~~~~~^^^^^^^^^^^^^^
TypeError: 'asyncpg.Record' object does not support item assignment
2025-08-31 07:15:24,676 - discord.client - ERROR - Ignoring exception in on_message
Traceback (most recent call last):
  File "H:\Github Repositories\pokebot\venv\Lib\site-packages\discord\client.py", line 504, in _run_event
    await coro(*args, **kwargs)
  File "H:\Github Repositories\pokebot\cogs\experience.py", line 38, in on_message
    await self._add_experience(pokemon, xp_per_pokemon)
  File "H:\Github Repositories\pokebot\cogs\experience.py", line 72, in _add_experience
    pokemon['experience'] = new_exp
    ~~~~~~~^^^^^^^^^^^^^^
TypeError: 'asyncpg.Record' object does not support item assignment
2025-08-31 07:15:25,614 - discord.client - ERROR - Ignoring exception in on_message
Traceback (most recent call last):
  File "H:\Github Repositories\pokebot\venv\Lib\site-packages\discord\client.py", line 504, in _run_event
    await coro(*args, **kwargs)
  File "H:\Github Repositories\pokebot\cogs\experience.py", line 38, in on_message
    await self._add_experience(pokemon, xp_per_pokemon)
  File "H:\Github Repositories\pokebot\cogs\experience.py", line 72, in _add_experience
    pokemon['experience'] = new_exp
    ~~~~~~~^^^^^^^^^^^^^^
TypeError: 'asyncpg.Record' object does not support item assignment
2025-08-31 07:15:27,494 - discord.client - ERROR - Ignoring exception in on_message
Traceback (most recent call last):
  File "H:\Github Repositories\pokebot\venv\Lib\site-packages\discord\client.py", line 504, in _run_event
    await coro(*args, **kwargs)
  File "H:\Github Repositories\pokebot\cogs\experience.py", line 38, in on_message
    await self._add_experience(pokemon, xp_per_pokemon)
  File "H:\Github Repositories\pokebot\cogs\experience.py", line 72, in _add_experience
    pokemon['experience'] = new_exp
    ~~~~~~~^^^^^^^^^^^^^^
TypeError: 'asyncpg.Record' object does not support item assignment
2025-08-31 07:15:28,794 - discord.client - ERROR - Ignoring exception in on_message
Traceback (most recent call last):
  File "H:\Github Repositories\pokebot\venv\Lib\site-packages\discord\client.py", line 504, in _run_event
    await coro(*args, **kwargs)
  File "H:\Github Repositories\pokebot\cogs\experience.py", line 38, in on_message
    await self._add_experience(pokemon, xp_per_pokemon)
  File "H:\Github Repositories\pokebot\cogs\experience.py", line 72, in _add_experience
    pokemon['experience'] = new_exp
    ~~~~~~~^^^^^^^^^^^^^^
TypeError: 'asyncpg.Record' object does not support item assignment
2025-08-31 07:15:29,841 - discord.client - ERROR - Ignoring exception in on_message
Traceback (most recent call last):
  File "H:\Github Repositories\pokebot\venv\Lib\site-packages\discord\client.py", line 504, in _run_event
    await coro(*args, **kwargs)
  File "H:\Github Repositories\pokebot\cogs\experience.py", line 38, in on_message
    await self._add_experience(pokemon, xp_per_pokemon)
  File "H:\Github Repositories\pokebot\cogs\experience.py", line 72, in _add_experience
    pokemon['experience'] = new_exp
    ~~~~~~~^^^^^^^^^^^^^^
TypeError: 'asyncpg.Record' object does not support item assignment
2025-08-31 07:15:31,357 - discord.client - ERROR - Ignoring exception in on_message
Traceback (most recent call last):
  File "H:\Github Repositories\pokebot\venv\Lib\site-packages\discord\client.py", line 504, in _run_event
    await coro(*args, **kwargs)
  File "H:\Github Repositories\pokebot\cogs\experience.py", line 38, in on_message
    await self._add_experience(pokemon, xp_per_pokemon)
  File "H:\Github Repositories\pokebot\cogs\experience.py", line 72, in _add_experience
    pokemon['experience'] = new_exp
    ~~~~~~~^^^^^^^^^^^^^^
TypeError: 'asyncpg.Record' object does not support item assignment
2025-08-31 07:15:32,097 - discord.client - ERROR - Ignoring exception in on_message
Traceback (most recent call last):
  File "H:\Github Repositories\pokebot\venv\Lib\site-packages\discord\client.py", line 504, in _run_event
    await coro(*args, **kwargs)
  File "H:\Github Repositories\pokebot\cogs\experience.py", line 38, in on_message
    await self._add_experience(pokemon, xp_per_pokemon)
  File "H:\Github Repositories\pokebot\cogs\experience.py", line 72, in _add_experience
    pokemon['experience'] = new_exp
    ~~~~~~~^^^^^^^^^^^^^^
TypeError: 'asyncpg.Record' object does not support item assignment
2025-08-31 07:15:33,199 - discord.client - ERROR - Ignoring exception in on_message
Traceback (most recent call last):
  File "H:\Github Repositories\pokebot\venv\Lib\site-packages\discord\client.py", line 504, in _run_event
    await coro(*args, **kwargs)
  File "H:\Github Repositories\pokebot\cogs\experience.py", line 38, in on_message
    await self._add_experience(pokemon, xp_per_pokemon)
  File "H:\Github Repositories\pokebot\cogs\experience.py", line 72, in _add_experience
    pokemon['experience'] = new_exp
    ~~~~~~~^^^^^^^^^^^^^^
TypeError: 'asyncpg.Record' object does not support item assignment
2025-08-31 07:15:34,464 - discord.client - ERROR - Ignoring exception in on_message
Traceback (most recent call last):
  File "H:\Github Repositories\pokebot\venv\Lib\site-packages\discord\client.py", line 504, in _run_event
    await coro(*args, **kwargs)
  File "H:\Github Repositories\pokebot\cogs\experience.py", line 38, in on_message
    await self._add_experience(pokemon, xp_per_pokemon)
  File "H:\Github Repositories\pokebot\cogs\experience.py", line 72, in _add_experience
    pokemon['experience'] = new_exp
    ~~~~~~~^^^^^^^^^^^^^^
TypeError: 'asyncpg.Record' object does not support item assignment
2025-08-31 07:15:35,692 - discord.client - ERROR - Ignoring exception in on_message
Traceback (most recent call last):
  File "H:\Github Repositories\pokebot\venv\Lib\site-packages\discord\client.py", line 504, in _run_event
    await coro(*args, **kwargs)
  File "H:\Github Repositories\pokebot\cogs\experience.py", line 38, in on_message
    await self._add_experience(pokemon, xp_per_pokemon)
  File "H:\Github Repositories\pokebot\cogs\experience.py", line 72, in _add_experience
    pokemon['experience'] = new_exp
    ~~~~~~~^^^^^^^^^^^^^^
TypeError: 'asyncpg.Record' object does not support item assignment
2025-08-31 07:15:36,857 - discord.client - ERROR - Ignoring exception in on_message
Traceback (most recent call last):
  File "H:\Github Repositories\pokebot\venv\Lib\site-packages\discord\client.py", line 504, in _run_event
    await coro(*args, **kwargs)
  File "H:\Github Repositories\pokebot\cogs\experience.py", line 38, in on_message
    await self._add_experience(pokemon, xp_per_pokemon)
  File "H:\Github Repositories\pokebot\cogs\experience.py", line 72, in _add_experience
    pokemon['experience'] = new_exp
    ~~~~~~~^^^^^^^^^^^^^^
TypeError: 'asyncpg.Record' object does not support item assignment
2025-08-31 07:15:38,054 - discord.client - ERROR - Ignoring exception in on_message
Traceback (most recent call last):
  File "H:\Github Repositories\pokebot\venv\Lib\site-packages\discord\client.py", line 504, in _run_event
    await coro(*args, **kwargs)
  File "H:\Github Repositories\pokebot\cogs\experience.py", line 38, in on_message
    await self._add_experience(pokemon, xp_per_pokemon)
  File "H:\Github Repositories\pokebot\cogs\experience.py", line 72, in _add_experience
    pokemon['experience'] = new_exp
    ~~~~~~~^^^^^^^^^^^^^^
TypeError: 'asyncpg.Record' object does not support item assignment
2025-08-31 07:15:39,220 - discord.client - ERROR - Ignoring exception in on_message
Traceback (most recent call last):
  File "H:\Github Repositories\pokebot\venv\Lib\site-packages\discord\client.py", line 504, in _run_event
    await coro(*args, **kwargs)
  File "H:\Github Repositories\pokebot\cogs\experience.py", line 38, in on_message
    await self._add_experience(pokemon, xp_per_pokemon)
  File "H:\Github Repositories\pokebot\cogs\experience.py", line 72, in _add_experience
    pokemon['experience'] = new_exp
    ~~~~~~~^^^^^^^^^^^^^^
TypeError: 'asyncpg.Record' object does not support item assignment
2025-08-31 07:15:40,205 - discord.client - ERROR - Ignoring exception in on_message
Traceback (most recent call last):
  File "H:\Github Repositories\pokebot\venv\Lib\site-packages\discord\client.py", line 504, in _run_event
    await coro(*args, **kwargs)
  File "H:\Github Repositories\pokebot\cogs\experience.py", line 38, in on_message
    await self._add_experience(pokemon, xp_per_pokemon)
  File "H:\Github Repositories\pokebot\cogs\experience.py", line 72, in _add_experience
    pokemon['experience'] = new_exp
    ~~~~~~~^^^^^^^^^^^^^^
TypeError: 'asyncpg.Record' object does not support item assignment
2025-08-31 07:15:41,402 - discord.client - ERROR - Ignoring exception in on_message
Traceback (most recent call last):
  File "H:\Github Repositories\pokebot\venv\Lib\site-packages\discord\client.py", line 504, in _run_event
    await coro(*args, **kwargs)
  File "H:\Github Repositories\pokebot\cogs\experience.py", line 38, in on_message
    await self._add_experience(pokemon, xp_per_pokemon)
  File "H:\Github Repositories\pokebot\cogs\experience.py", line 72, in _add_experience
    pokemon['experience'] = new_exp
    ~~~~~~~^^^^^^^^^^^^^^
TypeError: 'asyncpg.Record' object does not support item assignment
2025-08-31 07:15:43,411 - discord.client - ERROR - Ignoring exception in on_message
Traceback (most recent call last):
  File "H:\Github Repositories\pokebot\venv\Lib\site-packages\discord\client.py", line 504, in _run_event
    await coro(*args, **kwargs)
  File "H:\Github Repositories\pokebot\cogs\experience.py", line 38, in on_message
    await self._add_experience(pokemon, xp_per_pokemon)
  File "H:\Github Repositories\pokebot\cogs\experience.py", line 72, in _add_experience
    pokemon['experience'] = new_exp
    ~~~~~~~^^^^^^^^^^^^^^
TypeError: 'asyncpg.Record' object does not support item assignment
2025-08-31 07:15:44,512 - discord.client - ERROR - Ignoring exception in on_message
Traceback (most recent call last):
  File "H:\Github Repositories\pokebot\venv\Lib\site-packages\discord\client.py", line 504, in _run_event
    await coro(*args, **kwargs)
  File "H:\Github Repositories\pokebot\cogs\experience.py", line 38, in on_message
    await self._add_experience(pokemon, xp_per_pokemon)
  File "H:\Github Repositories\pokebot\cogs\experience.py", line 72, in _add_experience
    pokemon['experience'] = new_exp
    ~~~~~~~^^^^^^^^^^^^^^
TypeError: 'asyncpg.Record' object does not support item assignment
2025-08-31 07:15:45,831 - discord.client - ERROR - Ignoring exception in on_message
Traceback (most recent call last):
  File "H:\Github Repositories\pokebot\venv\Lib\site-packages\discord\client.py", line 504, in _run_event
    await coro(*args, **kwargs)
  File "H:\Github Repositories\pokebot\cogs\experience.py", line 38, in on_message
    await self._add_experience(pokemon, xp_per_pokemon)
  File "H:\Github Repositories\pokebot\cogs\experience.py", line 72, in _add_experience
    pokemon['experience'] = new_exp
    ~~~~~~~^^^^^^^^^^^^^^
TypeError: 'asyncpg.Record' object does not support item assignment
2025-08-31 07:15:47,158 - discord.client - ERROR - Ignoring exception in on_message
Traceback (most recent call last):
  File "H:\Github Repositories\pokebot\venv\Lib\site-packages\discord\client.py", line 504, in _run_event
    await coro(*args, **kwargs)
  File "H:\Github Repositories\pokebot\cogs\experience.py", line 38, in on_message
    await self._add_experience(pokemon, xp_per_pokemon)
  File "H:\Github Repositories\pokebot\cogs\experience.py", line 72, in _add_experience
    pokemon['experience'] = new_exp
    ~~~~~~~^^^^^^^^^^^^^^
TypeError: 'asyncpg.Record' object does not support item assignment
2025-08-31 07:15:48,570 - discord.client - ERROR - Ignoring exception in on_message
Traceback (most recent call last):
  File "H:\Github Repositories\pokebot\venv\Lib\site-packages\discord\client.py", line 504, in _run_event
    await coro(*args, **kwargs)
  File "H:\Github Repositories\pokebot\cogs\experience.py", line 38, in on_message
    await self._add_experience(pokemon, xp_per_pokemon)
  File "H:\Github Repositories\pokebot\cogs\experience.py", line 72, in _add_experience
    pokemon['experience'] = new_exp
    ~~~~~~~^^^^^^^^^^^^^^
TypeError: 'asyncpg.Record' object does not support item assignment
2025-08-31 07:15:49,713 - discord.client - ERROR - Ignoring exception in on_message
Traceback (most recent call last):
  File "H:\Github Repositories\pokebot\venv\Lib\site-packages\discord\client.py", line 504, in _run_event
    await coro(*args, **kwargs)
  File "H:\Github Repositories\pokebot\cogs\experience.py", line 38, in on_message
    await self._add_experience(pokemon, xp_per_pokemon)
  File "H:\Github Repositories\pokebot\cogs\experience.py", line 72, in _add_experience
    pokemon['experience'] = new_exp
    ~~~~~~~^^^^^^^^^^^^^^
TypeError: 'asyncpg.Record' object does not support item assignment
2025-08-31 07:15:51,126 - discord.client - ERROR - Ignoring exception in on_message
Traceback (most recent call last):
  File "H:\Github Repositories\pokebot\venv\Lib\site-packages\discord\client.py", line 504, in _run_event
    await coro(*args, **kwargs)
  File "H:\Github Repositories\pokebot\cogs\experience.py", line 38, in on_message
    await self._add_experience(pokemon, xp_per_pokemon)
  File "H:\Github Repositories\pokebot\cogs\experience.py", line 72, in _add_experience
    pokemon['experience'] = new_exp
    ~~~~~~~^^^^^^^^^^^^^^
TypeError: 'asyncpg.Record' object does not support item assignment
2025-08-31 07:37:32,405 - discord.client - ERROR - Ignoring exception in on_message
Traceback (most recent call last):
  File "H:\Github Repositories\pokebot\venv\Lib\site-packages\discord\client.py", line 504, in _run_event
    await coro(*args, **kwargs)
  File "H:\Github Repositories\pokebot\cogs\experience.py", line 38, in on_message
    await self._add_experience(pokemon, xp_per_pokemon)
  File "H:\Github Repositories\pokebot\cogs\experience.py", line 72, in _add_experience
TypeError: 'asyncpg.Record' object does not support item assignment
2025-08-31 07:45:19,008 - discord.client - ERROR - Ignoring exception in on_message
Traceback (most recent call last):
  File "H:\Github Repositories\pokebot\venv\Lib\site-packages\discord\client.py", line 504, in _run_event
    await coro(*args, **kwargs)
  File "H:\Github Repositories\pokebot\cogs\experience.py", line 38, in on_message
    await self._add_experience(pokemon, xp_per_pokemon)
  File "H:\Github Repositories\pokebot\cogs\experience.py", line 72, in _add_experience
TypeError: 'asyncpg.Record' object does not support item assignment
2025-08-31 08:10:11,038 - discord.client - ERROR - Ignoring exception in on_message
Traceback (most recent call last):
  File "H:\Github Repositories\pokebot\venv\Lib\site-packages\discord\client.py", line 504, in _run_event
    await coro(*args, **kwargs)
  File "H:\Github Repositories\pokebot\cogs\experience.py", line 38, in on_message
    await self._add_experience(pokemon, xp_per_pokemon)
  File "H:\Github Repositories\pokebot\cogs\experience.py", line 72, in _add_experience
TypeError: 'asyncpg.Record' object does not support item assignment
2025-08-31 08:34:25,945 - discord.client - WARNING - PyNaCl is not installed, voice will NOT be supported
2025-08-31 08:34:25,948 - discord.client - INFO - logging in using static token
2025-08-31 08:34:28,129 - discord.gateway - INFO - Shard ID None has connected to Gateway (Session ID: 2bb6d1f35b769a28f084155bc20a1e27).
2025-08-31 08:40:40,517 - discord.client - WARNING - PyNaCl is not installed, voice will NOT be supported
2025-08-31 08:40:40,517 - discord.client - INFO - logging in using static token
2025-08-31 08:40:42,539 - discord.gateway - INFO - Shard ID None has connected to Gateway (Session ID: c53e1d61a79832336aed664c56e11a1a).
2025-08-31 08:46:12,317 - discord.client - WARNING - PyNaCl is not installed, voice will NOT be supported
2025-08-31 08:46:12,318 - discord.client - INFO - logging in using static token
2025-08-31 08:46:14,378 - discord.gateway - INFO - Shard ID None has connected to Gateway (Session ID: b8dcc0f414d9c0af5927e2bb6dd41089).
2025-08-31 08:49:28,038 - discord.client - WARNING - PyNaCl is not installed, voice will NOT be supported
2025-08-31 08:49:28,040 - discord.client - INFO - logging in using static token
2025-08-31 08:49:30,351 - discord.gateway - INFO - Shard ID None has connected to Gateway (Session ID: 6173bb24c06ba6b5d64ccb1040735639).
2025-08-31 08:55:09,717 - discord.client - WARNING - PyNaCl is not installed, voice will NOT be supported
2025-08-31 08:55:09,719 - discord.client - INFO - logging in using static token
2025-08-31 08:55:11,905 - discord.gateway - INFO - Shard ID None has connected to Gateway (Session ID: 191db18d654e4a52a8d3afe3550f55ee).
2025-08-31 08:57:19,867 - discord.client - WARNING - PyNaCl is not installed, voice will NOT be supported
2025-08-31 08:57:19,869 - discord.client - INFO - logging in using static token
2025-08-31 08:57:22,043 - discord.gateway - INFO - Shard ID None has connected to Gateway (Session ID: a8ebd9837f4e4b1aa4bf3e59cc7b9798).
2025-08-31 09:00:12,925 - discord.client - WARNING - PyNaCl is not installed, voice will NOT be supported
2025-08-31 09:00:12,927 - discord.client - INFO - logging in using static token
2025-08-31 09:00:14,994 - discord.gateway - INFO - Shard ID None has connected to Gateway (Session ID: 6297082a0d98f02218783c891ec863d3).
2025-08-31 09:00:35,543 - discord.client - ERROR - Ignoring exception in on_message
Traceback (most recent call last):
  File "H:\Github Repositories\pokebot\venv\Lib\site-packages\discord\client.py", line 504, in _run_event
    await coro(*args, **kwargs)
  File "H:\Github Repositories\pokebot\cogs\experience.py", line 39, in on_message
    await self._add_experience(pokemon, xp_per_pokemon, message.channel)
  File "H:\Github Repositories\pokebot\cogs\experience.py", line 81, in _add_experience
    await message.channel.send(f"{species_name} gained {exp_amount} XP (Level {current_level} -> {new_level})")
          ^^^^^^^
NameError: name 'message' is not defined
2025-08-31 09:00:38,694 - discord.client - ERROR - Ignoring exception in on_message
Traceback (most recent call last):
  File "H:\Github Repositories\pokebot\venv\Lib\site-packages\discord\client.py", line 504, in _run_event
    await coro(*args, **kwargs)
  File "H:\Github Repositories\pokebot\cogs\experience.py", line 39, in on_message
    await self._add_experience(pokemon, xp_per_pokemon, message.channel)
  File "H:\Github Repositories\pokebot\cogs\experience.py", line 81, in _add_experience
    await message.channel.send(f"{species_name} gained {exp_amount} XP (Level {current_level} -> {new_level})")
          ^^^^^^^
NameError: name 'message' is not defined
2025-08-31 09:00:39,275 - discord.client - ERROR - Ignoring exception in on_message
Traceback (most recent call last):
  File "H:\Github Repositories\pokebot\venv\Lib\site-packages\discord\client.py", line 504, in _run_event
    await coro(*args, **kwargs)
  File "H:\Github Repositories\pokebot\cogs\experience.py", line 39, in on_message
    await self._add_experience(pokemon, xp_per_pokemon, message.channel)
  File "H:\Github Repositories\pokebot\cogs\experience.py", line 81, in _add_experience
    await message.channel.send(f"{species_name} gained {exp_amount} XP (Level {current_level} -> {new_level})")
          ^^^^^^^
NameError: name 'message' is not defined
2025-08-31 09:00:39,775 - discord.client - ERROR - Ignoring exception in on_message
Traceback (most recent call last):
  File "H:\Github Repositories\pokebot\venv\Lib\site-packages\discord\client.py", line 504, in _run_event
    await coro(*args, **kwargs)
  File "H:\Github Repositories\pokebot\cogs\experience.py", line 39, in on_message
    await self._add_experience(pokemon, xp_per_pokemon, message.channel)
  File "H:\Github Repositories\pokebot\cogs\experience.py", line 81, in _add_experience
    await message.channel.send(f"{species_name} gained {exp_amount} XP (Level {current_level} -> {new_level})")
          ^^^^^^^
NameError: name 'message' is not defined
2025-08-31 09:00:40,355 - discord.client - ERROR - Ignoring exception in on_message
Traceback (most recent call last):
  File "H:\Github Repositories\pokebot\venv\Lib\site-packages\discord\client.py", line 504, in _run_event
    await coro(*args, **kwargs)
  File "H:\Github Repositories\pokebot\cogs\experience.py", line 39, in on_message
    await self._add_experience(pokemon, xp_per_pokemon, message.channel)
  File "H:\Github Repositories\pokebot\cogs\experience.py", line 81, in _add_experience
    await message.channel.send(f"{species_name} gained {exp_amount} XP (Level {current_level} -> {new_level})")
          ^^^^^^^
NameError: name 'message' is not defined
2025-08-31 09:00:40,847 - discord.client - ERROR - Ignoring exception in on_message
Traceback (most recent call last):
  File "H:\Github Repositories\pokebot\venv\Lib\site-packages\discord\client.py", line 504, in _run_event
    await coro(*args, **kwargs)
  File "H:\Github Repositories\pokebot\cogs\experience.py", line 39, in on_message
    await self._add_experience(pokemon, xp_per_pokemon, message.channel)
  File "H:\Github Repositories\pokebot\cogs\experience.py", line 81, in _add_experience
    await message.channel.send(f"{species_name} gained {exp_amount} XP (Level {current_level} -> {new_level})")
          ^^^^^^^
NameError: name 'message' is not defined
2025-08-31 09:00:41,428 - discord.client - ERROR - Ignoring exception in on_message
Traceback (most recent call last):
  File "H:\Github Repositories\pokebot\venv\Lib\site-packages\discord\client.py", line 504, in _run_event
    await coro(*args, **kwargs)
  File "H:\Github Repositories\pokebot\cogs\experience.py", line 39, in on_message
    await self._add_experience(pokemon, xp_per_pokemon, message.channel)
  File "H:\Github Repositories\pokebot\cogs\experience.py", line 81, in _add_experience
    await message.channel.send(f"{species_name} gained {exp_amount} XP (Level {current_level} -> {new_level})")
          ^^^^^^^
NameError: name 'message' is not defined
2025-08-31 09:00:42,074 - discord.client - ERROR - Ignoring exception in on_message
Traceback (most recent call last):
  File "H:\Github Repositories\pokebot\venv\Lib\site-packages\discord\client.py", line 504, in _run_event
    await coro(*args, **kwargs)
  File "H:\Github Repositories\pokebot\cogs\experience.py", line 39, in on_message
    await self._add_experience(pokemon, xp_per_pokemon, message.channel)
  File "H:\Github Repositories\pokebot\cogs\experience.py", line 81, in _add_experience
    await message.channel.send(f"{species_name} gained {exp_amount} XP (Level {current_level} -> {new_level})")
          ^^^^^^^
NameError: name 'message' is not defined
2025-08-31 09:00:42,679 - discord.client - ERROR - Ignoring exception in on_message
Traceback (most recent call last):
  File "H:\Github Repositories\pokebot\venv\Lib\site-packages\discord\client.py", line 504, in _run_event
    await coro(*args, **kwargs)
  File "H:\Github Repositories\pokebot\cogs\experience.py", line 39, in on_message
    await self._add_experience(pokemon, xp_per_pokemon, message.channel)
  File "H:\Github Repositories\pokebot\cogs\experience.py", line 81, in _add_experience
    await message.channel.send(f"{species_name} gained {exp_amount} XP (Level {current_level} -> {new_level})")
          ^^^^^^^
NameError: name 'message' is not defined
2025-08-31 09:00:43,317 - discord.client - ERROR - Ignoring exception in on_message
Traceback (most recent call last):
  File "H:\Github Repositories\pokebot\venv\Lib\site-packages\discord\client.py", line 504, in _run_event
    await coro(*args, **kwargs)
  File "H:\Github Repositories\pokebot\cogs\experience.py", line 39, in on_message
    await self._add_experience(pokemon, xp_per_pokemon, message.channel)
  File "H:\Github Repositories\pokebot\cogs\experience.py", line 81, in _add_experience
    await message.channel.send(f"{species_name} gained {exp_amount} XP (Level {current_level} -> {new_level})")
          ^^^^^^^
NameError: name 'message' is not defined
2025-08-31 09:00:44,332 - discord.client - ERROR - Ignoring exception in on_message
Traceback (most recent call last):
  File "H:\Github Repositories\pokebot\venv\Lib\site-packages\discord\client.py", line 504, in _run_event
    await coro(*args, **kwargs)
  File "H:\Github Repositories\pokebot\cogs\experience.py", line 39, in on_message
    await self._add_experience(pokemon, xp_per_pokemon, message.channel)
  File "H:\Github Repositories\pokebot\cogs\experience.py", line 81, in _add_experience
    await message.channel.send(f"{species_name} gained {exp_amount} XP (Level {current_level} -> {new_level})")
          ^^^^^^^
NameError: name 'message' is not defined
2025-08-31 09:00:45,332 - discord.client - ERROR - Ignoring exception in on_message
Traceback (most recent call last):
  File "H:\Github Repositories\pokebot\venv\Lib\site-packages\discord\client.py", line 504, in _run_event
    await coro(*args, **kwargs)
  File "H:\Github Repositories\pokebot\cogs\experience.py", line 39, in on_message
    await self._add_experience(pokemon, xp_per_pokemon, message.channel)
  File "H:\Github Repositories\pokebot\cogs\experience.py", line 81, in _add_experience
    await message.channel.send(f"{species_name} gained {exp_amount} XP (Level {current_level} -> {new_level})")
          ^^^^^^^
NameError: name 'message' is not defined
2025-08-31 09:00:46,169 - discord.client - ERROR - Ignoring exception in on_message
Traceback (most recent call last):
  File "H:\Github Repositories\pokebot\venv\Lib\site-packages\discord\client.py", line 504, in _run_event
    await coro(*args, **kwargs)
  File "H:\Github Repositories\pokebot\cogs\experience.py", line 39, in on_message
    await self._add_experience(pokemon, xp_per_pokemon, message.channel)
  File "H:\Github Repositories\pokebot\cogs\experience.py", line 81, in _add_experience
    await message.channel.send(f"{species_name} gained {exp_amount} XP (Level {current_level} -> {new_level})")
          ^^^^^^^
NameError: name 'message' is not defined
2025-08-31 09:00:46,887 - discord.client - ERROR - Ignoring exception in on_message
Traceback (most recent call last):
  File "H:\Github Repositories\pokebot\venv\Lib\site-packages\discord\client.py", line 504, in _run_event
    await coro(*args, **kwargs)
  File "H:\Github Repositories\pokebot\cogs\experience.py", line 39, in on_message
    await self._add_experience(pokemon, xp_per_pokemon, message.channel)
  File "H:\Github Repositories\pokebot\cogs\experience.py", line 81, in _add_experience
    await message.channel.send(f"{species_name} gained {exp_amount} XP (Level {current_level} -> {new_level})")
          ^^^^^^^
NameError: name 'message' is not defined
2025-08-31 09:00:47,755 - discord.client - ERROR - Ignoring exception in on_message
Traceback (most recent call last):
  File "H:\Github Repositories\pokebot\venv\Lib\site-packages\discord\client.py", line 504, in _run_event
    await coro(*args, **kwargs)
  File "H:\Github Repositories\pokebot\cogs\experience.py", line 39, in on_message
    await self._add_experience(pokemon, xp_per_pokemon, message.channel)
  File "H:\Github Repositories\pokebot\cogs\experience.py", line 81, in _add_experience
    await message.channel.send(f"{species_name} gained {exp_amount} XP (Level {current_level} -> {new_level})")
          ^^^^^^^
NameError: name 'message' is not defined
2025-08-31 09:00:48,520 - discord.client - ERROR - Ignoring exception in on_message
Traceback (most recent call last):
  File "H:\Github Repositories\pokebot\venv\Lib\site-packages\discord\client.py", line 504, in _run_event
    await coro(*args, **kwargs)
  File "H:\Github Repositories\pokebot\cogs\experience.py", line 39, in on_message
    await self._add_experience(pokemon, xp_per_pokemon, message.channel)
  File "H:\Github Repositories\pokebot\cogs\experience.py", line 81, in _add_experience
    await message.channel.send(f"{species_name} gained {exp_amount} XP (Level {current_level} -> {new_level})")
          ^^^^^^^
NameError: name 'message' is not defined
2025-08-31 09:00:49,185 - discord.client - ERROR - Ignoring exception in on_message
Traceback (most recent call last):
  File "H:\Github Repositories\pokebot\venv\Lib\site-packages\discord\client.py", line 504, in _run_event
    await coro(*args, **kwargs)
  File "H:\Github Repositories\pokebot\cogs\experience.py", line 39, in on_message
    await self._add_experience(pokemon, xp_per_pokemon, message.channel)
  File "H:\Github Repositories\pokebot\cogs\experience.py", line 81, in _add_experience
    await message.channel.send(f"{species_name} gained {exp_amount} XP (Level {current_level} -> {new_level})")
          ^^^^^^^
NameError: name 'message' is not defined
2025-08-31 09:00:49,670 - discord.client - ERROR - Ignoring exception in on_message
Traceback (most recent call last):
  File "H:\Github Repositories\pokebot\venv\Lib\site-packages\discord\client.py", line 504, in _run_event
    await coro(*args, **kwargs)
  File "H:\Github Repositories\pokebot\cogs\experience.py", line 39, in on_message
    await self._add_experience(pokemon, xp_per_pokemon, message.channel)
  File "H:\Github Repositories\pokebot\cogs\experience.py", line 81, in _add_experience
    await message.channel.send(f"{species_name} gained {exp_amount} XP (Level {current_level} -> {new_level})")
          ^^^^^^^
NameError: name 'message' is not defined
2025-08-31 09:00:50,317 - discord.client - ERROR - Ignoring exception in on_message
Traceback (most recent call last):
  File "H:\Github Repositories\pokebot\venv\Lib\site-packages\discord\client.py", line 504, in _run_event
    await coro(*args, **kwargs)
  File "H:\Github Repositories\pokebot\cogs\experience.py", line 39, in on_message
    await self._add_experience(pokemon, xp_per_pokemon, message.channel)
  File "H:\Github Repositories\pokebot\cogs\experience.py", line 81, in _add_experience
    await message.channel.send(f"{species_name} gained {exp_amount} XP (Level {current_level} -> {new_level})")
          ^^^^^^^
NameError: name 'message' is not defined
2025-08-31 09:00:50,849 - discord.client - ERROR - Ignoring exception in on_message
Traceback (most recent call last):
  File "H:\Github Repositories\pokebot\venv\Lib\site-packages\discord\client.py", line 504, in _run_event
    await coro(*args, **kwargs)
  File "H:\Github Repositories\pokebot\cogs\experience.py", line 39, in on_message
    await self._add_experience(pokemon, xp_per_pokemon, message.channel)
  File "H:\Github Repositories\pokebot\cogs\experience.py", line 81, in _add_experience
    await message.channel.send(f"{species_name} gained {exp_amount} XP (Level {current_level} -> {new_level})")
          ^^^^^^^
NameError: name 'message' is not defined
2025-08-31 09:00:51,290 - discord.client - ERROR - Ignoring exception in on_message
Traceback (most recent call last):
  File "H:\Github Repositories\pokebot\venv\Lib\site-packages\discord\client.py", line 504, in _run_event
    await coro(*args, **kwargs)
  File "H:\Github Repositories\pokebot\cogs\experience.py", line 39, in on_message
    await self._add_experience(pokemon, xp_per_pokemon, message.channel)
  File "H:\Github Repositories\pokebot\cogs\experience.py", line 81, in _add_experience
    await message.channel.send(f"{species_name} gained {exp_amount} XP (Level {current_level} -> {new_level})")
          ^^^^^^^
NameError: name 'message' is not defined
2025-08-31 09:00:51,858 - discord.client - ERROR - Ignoring exception in on_message
Traceback (most recent call last):
  File "H:\Github Repositories\pokebot\venv\Lib\site-packages\discord\client.py", line 504, in _run_event
    await coro(*args, **kwargs)
  File "H:\Github Repositories\pokebot\cogs\experience.py", line 39, in on_message
    await self._add_experience(pokemon, xp_per_pokemon, message.channel)
  File "H:\Github Repositories\pokebot\cogs\experience.py", line 81, in _add_experience
    await message.channel.send(f"{species_name} gained {exp_amount} XP (Level {current_level} -> {new_level})")
          ^^^^^^^
NameError: name 'message' is not defined
2025-08-31 09:00:52,380 - discord.client - ERROR - Ignoring exception in on_message
Traceback (most recent call last):
  File "H:\Github Repositories\pokebot\venv\Lib\site-packages\discord\client.py", line 504, in _run_event
    await coro(*args, **kwargs)
  File "H:\Github Repositories\pokebot\cogs\experience.py", line 39, in on_message
    await self._add_experience(pokemon, xp_per_pokemon, message.channel)
  File "H:\Github Repositories\pokebot\cogs\experience.py", line 81, in _add_experience
    await message.channel.send(f"{species_name} gained {exp_amount} XP (Level {current_level} -> {new_level})")
          ^^^^^^^
NameError: name 'message' is not defined
2025-08-31 09:00:52,914 - discord.client - ERROR - Ignoring exception in on_message
Traceback (most recent call last):
  File "H:\Github Repositories\pokebot\venv\Lib\site-packages\discord\client.py", line 504, in _run_event
    await coro(*args, **kwargs)
  File "H:\Github Repositories\pokebot\cogs\experience.py", line 39, in on_message
    await self._add_experience(pokemon, xp_per_pokemon, message.channel)
  File "H:\Github Repositories\pokebot\cogs\experience.py", line 81, in _add_experience
    await message.channel.send(f"{species_name} gained {exp_amount} XP (Level {current_level} -> {new_level})")
          ^^^^^^^
NameError: name 'message' is not defined
2025-08-31 09:00:53,343 - discord.client - ERROR - Ignoring exception in on_message
Traceback (most recent call last):
  File "H:\Github Repositories\pokebot\venv\Lib\site-packages\discord\client.py", line 504, in _run_event
    await coro(*args, **kwargs)
  File "H:\Github Repositories\pokebot\cogs\experience.py", line 39, in on_message
    await self._add_experience(pokemon, xp_per_pokemon, message.channel)
  File "H:\Github Repositories\pokebot\cogs\experience.py", line 81, in _add_experience
    await message.channel.send(f"{species_name} gained {exp_amount} XP (Level {current_level} -> {new_level})")
          ^^^^^^^
NameError: name 'message' is not defined
2025-08-31 09:00:53,807 - discord.client - ERROR - Ignoring exception in on_message
Traceback (most recent call last):
  File "H:\Github Repositories\pokebot\venv\Lib\site-packages\discord\client.py", line 504, in _run_event
    await coro(*args, **kwargs)
  File "H:\Github Repositories\pokebot\cogs\experience.py", line 39, in on_message
    await self._add_experience(pokemon, xp_per_pokemon, message.channel)
  File "H:\Github Repositories\pokebot\cogs\experience.py", line 81, in _add_experience
    await message.channel.send(f"{species_name} gained {exp_amount} XP (Level {current_level} -> {new_level})")
          ^^^^^^^
NameError: name 'message' is not defined
2025-08-31 09:00:54,278 - discord.client - ERROR - Ignoring exception in on_message
Traceback (most recent call last):
  File "H:\Github Repositories\pokebot\venv\Lib\site-packages\discord\client.py", line 504, in _run_event
    await coro(*args, **kwargs)
  File "H:\Github Repositories\pokebot\cogs\experience.py", line 39, in on_message
    await self._add_experience(pokemon, xp_per_pokemon, message.channel)
  File "H:\Github Repositories\pokebot\cogs\experience.py", line 81, in _add_experience
    await message.channel.send(f"{species_name} gained {exp_amount} XP (Level {current_level} -> {new_level})")
          ^^^^^^^
NameError: name 'message' is not defined
2025-08-31 09:00:54,854 - discord.client - ERROR - Ignoring exception in on_message
Traceback (most recent call last):
  File "H:\Github Repositories\pokebot\venv\Lib\site-packages\discord\client.py", line 504, in _run_event
    await coro(*args, **kwargs)
  File "H:\Github Repositories\pokebot\cogs\experience.py", line 39, in on_message
    await self._add_experience(pokemon, xp_per_pokemon, message.channel)
  File "H:\Github Repositories\pokebot\cogs\experience.py", line 81, in _add_experience
    await message.channel.send(f"{species_name} gained {exp_amount} XP (Level {current_level} -> {new_level})")
          ^^^^^^^
NameError: name 'message' is not defined
2025-08-31 09:00:55,284 - discord.client - ERROR - Ignoring exception in on_message
Traceback (most recent call last):
  File "H:\Github Repositories\pokebot\venv\Lib\site-packages\discord\client.py", line 504, in _run_event
    await coro(*args, **kwargs)
  File "H:\Github Repositories\pokebot\cogs\experience.py", line 39, in on_message
    await self._add_experience(pokemon, xp_per_pokemon, message.channel)
  File "H:\Github Repositories\pokebot\cogs\experience.py", line 81, in _add_experience
    await message.channel.send(f"{species_name} gained {exp_amount} XP (Level {current_level} -> {new_level})")
          ^^^^^^^
NameError: name 'message' is not defined
2025-08-31 09:00:56,457 - discord.client - ERROR - Ignoring exception in on_message
Traceback (most recent call last):
  File "H:\Github Repositories\pokebot\venv\Lib\site-packages\discord\client.py", line 504, in _run_event
    await coro(*args, **kwargs)
  File "H:\Github Repositories\pokebot\cogs\experience.py", line 39, in on_message
    await self._add_experience(pokemon, xp_per_pokemon, message.channel)
  File "H:\Github Repositories\pokebot\cogs\experience.py", line 81, in _add_experience
    await message.channel.send(f"{species_name} gained {exp_amount} XP (Level {current_level} -> {new_level})")
          ^^^^^^^
NameError: name 'message' is not defined
2025-08-31 09:00:57,109 - discord.client - ERROR - Ignoring exception in on_message
Traceback (most recent call last):
  File "H:\Github Repositories\pokebot\venv\Lib\site-packages\discord\client.py", line 504, in _run_event
    await coro(*args, **kwargs)
  File "H:\Github Repositories\pokebot\cogs\experience.py", line 39, in on_message
    await self._add_experience(pokemon, xp_per_pokemon, message.channel)
  File "H:\Github Repositories\pokebot\cogs\experience.py", line 81, in _add_experience
    await message.channel.send(f"{species_name} gained {exp_amount} XP (Level {current_level} -> {new_level})")
          ^^^^^^^
NameError: name 'message' is not defined
2025-08-31 09:00:58,129 - discord.client - ERROR - Ignoring exception in on_message
Traceback (most recent call last):
  File "H:\Github Repositories\pokebot\venv\Lib\site-packages\discord\client.py", line 504, in _run_event
    await coro(*args, **kwargs)
  File "H:\Github Repositories\pokebot\cogs\experience.py", line 39, in on_message
    await self._add_experience(pokemon, xp_per_pokemon, message.channel)
  File "H:\Github Repositories\pokebot\cogs\experience.py", line 81, in _add_experience
    await message.channel.send(f"{species_name} gained {exp_amount} XP (Level {current_level} -> {new_level})")
          ^^^^^^^
NameError: name 'message' is not defined
2025-08-31 09:00:58,928 - discord.client - ERROR - Ignoring exception in on_message
Traceback (most recent call last):
  File "H:\Github Repositories\pokebot\venv\Lib\site-packages\discord\client.py", line 504, in _run_event
    await coro(*args, **kwargs)
  File "H:\Github Repositories\pokebot\cogs\experience.py", line 39, in on_message
    await self._add_experience(pokemon, xp_per_pokemon, message.channel)
  File "H:\Github Repositories\pokebot\cogs\experience.py", line 81, in _add_experience
    await message.channel.send(f"{species_name} gained {exp_amount} XP (Level {current_level} -> {new_level})")
          ^^^^^^^
NameError: name 'message' is not defined
2025-08-31 09:01:05,768 - discord.client - ERROR - Ignoring exception in on_message
Traceback (most recent call last):
  File "H:\Github Repositories\pokebot\venv\Lib\site-packages\discord\client.py", line 504, in _run_event
    await coro(*args, **kwargs)
  File "H:\Github Repositories\pokebot\cogs\experience.py", line 39, in on_message
    await self._add_experience(pokemon, xp_per_pokemon, message.channel)
  File "H:\Github Repositories\pokebot\cogs\experience.py", line 81, in _add_experience
    await message.channel.send(f"{species_name} gained {exp_amount} XP (Level {current_level} -> {new_level})")
          ^^^^^^^
NameError: name 'message' is not defined
2025-08-31 09:01:06,627 - discord.client - ERROR - Ignoring exception in on_message
Traceback (most recent call last):
  File "H:\Github Repositories\pokebot\venv\Lib\site-packages\discord\client.py", line 504, in _run_event
    await coro(*args, **kwargs)
  File "H:\Github Repositories\pokebot\cogs\experience.py", line 39, in on_message
    await self._add_experience(pokemon, xp_per_pokemon, message.channel)
  File "H:\Github Repositories\pokebot\cogs\experience.py", line 81, in _add_experience
    await message.channel.send(f"{species_name} gained {exp_amount} XP (Level {current_level} -> {new_level})")
          ^^^^^^^
NameError: name 'message' is not defined
2025-08-31 09:01:07,569 - discord.client - ERROR - Ignoring exception in on_message
Traceback (most recent call last):
  File "H:\Github Repositories\pokebot\venv\Lib\site-packages\discord\client.py", line 504, in _run_event
    await coro(*args, **kwargs)
  File "H:\Github Repositories\pokebot\cogs\experience.py", line 39, in on_message
    await self._add_experience(pokemon, xp_per_pokemon, message.channel)
  File "H:\Github Repositories\pokebot\cogs\experience.py", line 81, in _add_experience
    await message.channel.send(f"{species_name} gained {exp_amount} XP (Level {current_level} -> {new_level})")
          ^^^^^^^
NameError: name 'message' is not defined
2025-08-31 09:01:08,559 - discord.client - ERROR - Ignoring exception in on_message
Traceback (most recent call last):
  File "H:\Github Repositories\pokebot\venv\Lib\site-packages\discord\client.py", line 504, in _run_event
    await coro(*args, **kwargs)
  File "H:\Github Repositories\pokebot\cogs\experience.py", line 39, in on_message
    await self._add_experience(pokemon, xp_per_pokemon, message.channel)
  File "H:\Github Repositories\pokebot\cogs\experience.py", line 81, in _add_experience
    await message.channel.send(f"{species_name} gained {exp_amount} XP (Level {current_level} -> {new_level})")
          ^^^^^^^
NameError: name 'message' is not defined
2025-08-31 09:01:09,548 - discord.client - ERROR - Ignoring exception in on_message
Traceback (most recent call last):
  File "H:\Github Repositories\pokebot\venv\Lib\site-packages\discord\client.py", line 504, in _run_event
    await coro(*args, **kwargs)
  File "H:\Github Repositories\pokebot\cogs\experience.py", line 39, in on_message
    await self._add_experience(pokemon, xp_per_pokemon, message.channel)
  File "H:\Github Repositories\pokebot\cogs\experience.py", line 81, in _add_experience
    await message.channel.send(f"{species_name} gained {exp_amount} XP (Level {current_level} -> {new_level})")
          ^^^^^^^
NameError: name 'message' is not defined
2025-08-31 09:01:10,591 - discord.client - ERROR - Ignoring exception in on_message
Traceback (most recent call last):
  File "H:\Github Repositories\pokebot\venv\Lib\site-packages\discord\client.py", line 504, in _run_event
    await coro(*args, **kwargs)
  File "H:\Github Repositories\pokebot\cogs\experience.py", line 39, in on_message
    await self._add_experience(pokemon, xp_per_pokemon, message.channel)
  File "H:\Github Repositories\pokebot\cogs\experience.py", line 81, in _add_experience
    await message.channel.send(f"{species_name} gained {exp_amount} XP (Level {current_level} -> {new_level})")
          ^^^^^^^
NameError: name 'message' is not defined
2025-08-31 09:01:11,995 - discord.client - ERROR - Ignoring exception in on_message
Traceback (most recent call last):
  File "H:\Github Repositories\pokebot\venv\Lib\site-packages\discord\client.py", line 504, in _run_event
    await coro(*args, **kwargs)
  File "H:\Github Repositories\pokebot\cogs\experience.py", line 39, in on_message
    await self._add_experience(pokemon, xp_per_pokemon, message.channel)
  File "H:\Github Repositories\pokebot\cogs\experience.py", line 81, in _add_experience
    await message.channel.send(f"{species_name} gained {exp_amount} XP (Level {current_level} -> {new_level})")
          ^^^^^^^
NameError: name 'message' is not defined
2025-08-31 09:01:12,869 - discord.client - ERROR - Ignoring exception in on_message
Traceback (most recent call last):
  File "H:\Github Repositories\pokebot\venv\Lib\site-packages\discord\client.py", line 504, in _run_event
    await coro(*args, **kwargs)
  File "H:\Github Repositories\pokebot\cogs\experience.py", line 39, in on_message
    await self._add_experience(pokemon, xp_per_pokemon, message.channel)
  File "H:\Github Repositories\pokebot\cogs\experience.py", line 81, in _add_experience
    await message.channel.send(f"{species_name} gained {exp_amount} XP (Level {current_level} -> {new_level})")
          ^^^^^^^
NameError: name 'message' is not defined
2025-08-31 09:01:13,687 - discord.client - ERROR - Ignoring exception in on_message
Traceback (most recent call last):
  File "H:\Github Repositories\pokebot\venv\Lib\site-packages\discord\client.py", line 504, in _run_event
    await coro(*args, **kwargs)
  File "H:\Github Repositories\pokebot\cogs\experience.py", line 39, in on_message
    await self._add_experience(pokemon, xp_per_pokemon, message.channel)
  File "H:\Github Repositories\pokebot\cogs\experience.py", line 81, in _add_experience
    await message.channel.send(f"{species_name} gained {exp_amount} XP (Level {current_level} -> {new_level})")
          ^^^^^^^
NameError: name 'message' is not defined
2025-08-31 09:01:14,592 - discord.client - ERROR - Ignoring exception in on_message
Traceback (most recent call last):
  File "H:\Github Repositories\pokebot\venv\Lib\site-packages\discord\client.py", line 504, in _run_event
    await coro(*args, **kwargs)
  File "H:\Github Repositories\pokebot\cogs\experience.py", line 39, in on_message
    await self._add_experience(pokemon, xp_per_pokemon, message.channel)
  File "H:\Github Repositories\pokebot\cogs\experience.py", line 81, in _add_experience
    await message.channel.send(f"{species_name} gained {exp_amount} XP (Level {current_level} -> {new_level})")
          ^^^^^^^
NameError: name 'message' is not defined
2025-08-31 09:01:15,519 - discord.client - ERROR - Ignoring exception in on_message
Traceback (most recent call last):
  File "H:\Github Repositories\pokebot\venv\Lib\site-packages\discord\client.py", line 504, in _run_event
    await coro(*args, **kwargs)
  File "H:\Github Repositories\pokebot\cogs\experience.py", line 39, in on_message
    await self._add_experience(pokemon, xp_per_pokemon, message.channel)
  File "H:\Github Repositories\pokebot\cogs\experience.py", line 81, in _add_experience
    await message.channel.send(f"{species_name} gained {exp_amount} XP (Level {current_level} -> {new_level})")
          ^^^^^^^
NameError: name 'message' is not defined
2025-08-31 09:01:16,503 - discord.client - ERROR - Ignoring exception in on_message
Traceback (most recent call last):
  File "H:\Github Repositories\pokebot\venv\Lib\site-packages\discord\client.py", line 504, in _run_event
    await coro(*args, **kwargs)
  File "H:\Github Repositories\pokebot\cogs\experience.py", line 39, in on_message
    await self._add_experience(pokemon, xp_per_pokemon, message.channel)
  File "H:\Github Repositories\pokebot\cogs\experience.py", line 81, in _add_experience
    await message.channel.send(f"{species_name} gained {exp_amount} XP (Level {current_level} -> {new_level})")
          ^^^^^^^
NameError: name 'message' is not defined
2025-08-31 09:01:17,488 - discord.client - ERROR - Ignoring exception in on_message
Traceback (most recent call last):
  File "H:\Github Repositories\pokebot\venv\Lib\site-packages\discord\client.py", line 504, in _run_event
    await coro(*args, **kwargs)
  File "H:\Github Repositories\pokebot\cogs\experience.py", line 39, in on_message
    await self._add_experience(pokemon, xp_per_pokemon, message.channel)
  File "H:\Github Repositories\pokebot\cogs\experience.py", line 81, in _add_experience
    await message.channel.send(f"{species_name} gained {exp_amount} XP (Level {current_level} -> {new_level})")
          ^^^^^^^
NameError: name 'message' is not defined
2025-08-31 09:01:18,514 - discord.client - ERROR - Ignoring exception in on_message
Traceback (most recent call last):
  File "H:\Github Repositories\pokebot\venv\Lib\site-packages\discord\client.py", line 504, in _run_event
    await coro(*args, **kwargs)
  File "H:\Github Repositories\pokebot\cogs\experience.py", line 39, in on_message
    await self._add_experience(pokemon, xp_per_pokemon, message.channel)
  File "H:\Github Repositories\pokebot\cogs\experience.py", line 81, in _add_experience
    await message.channel.send(f"{species_name} gained {exp_amount} XP (Level {current_level} -> {new_level})")
          ^^^^^^^
NameError: name 'message' is not defined
2025-08-31 09:01:19,479 - discord.client - ERROR - Ignoring exception in on_message
Traceback (most recent call last):
  File "H:\Github Repositories\pokebot\venv\Lib\site-packages\discord\client.py", line 504, in _run_event
    await coro(*args, **kwargs)
  File "H:\Github Repositories\pokebot\cogs\experience.py", line 39, in on_message
    await self._add_experience(pokemon, xp_per_pokemon, message.channel)
  File "H:\Github Repositories\pokebot\cogs\experience.py", line 81, in _add_experience
    await message.channel.send(f"{species_name} gained {exp_amount} XP (Level {current_level} -> {new_level})")
          ^^^^^^^
NameError: name 'message' is not defined
2025-08-31 09:01:25,045 - discord.client - ERROR - Ignoring exception in on_message
Traceback (most recent call last):
  File "H:\Github Repositories\pokebot\venv\Lib\site-packages\discord\client.py", line 504, in _run_event
    await coro(*args, **kwargs)
  File "H:\Github Repositories\pokebot\cogs\experience.py", line 39, in on_message
    await self._add_experience(pokemon, xp_per_pokemon, message.channel)
  File "H:\Github Repositories\pokebot\cogs\experience.py", line 81, in _add_experience
    await message.channel.send(f"{species_name} gained {exp_amount} XP (Level {current_level} -> {new_level})")
          ^^^^^^^
NameError: name 'message' is not defined
2025-08-31 09:01:25,723 - discord.client - ERROR - Ignoring exception in on_message
Traceback (most recent call last):
  File "H:\Github Repositories\pokebot\venv\Lib\site-packages\discord\client.py", line 504, in _run_event
    await coro(*args, **kwargs)
  File "H:\Github Repositories\pokebot\cogs\experience.py", line 39, in on_message
    await self._add_experience(pokemon, xp_per_pokemon, message.channel)
  File "H:\Github Repositories\pokebot\cogs\experience.py", line 81, in _add_experience
    await message.channel.send(f"{species_name} gained {exp_amount} XP (Level {current_level} -> {new_level})")
          ^^^^^^^
NameError: name 'message' is not defined
2025-08-31 09:01:26,177 - discord.client - ERROR - Ignoring exception in on_message
Traceback (most recent call last):
  File "H:\Github Repositories\pokebot\venv\Lib\site-packages\discord\client.py", line 504, in _run_event
    await coro(*args, **kwargs)
  File "H:\Github Repositories\pokebot\cogs\experience.py", line 39, in on_message
    await self._add_experience(pokemon, xp_per_pokemon, message.channel)
  File "H:\Github Repositories\pokebot\cogs\experience.py", line 81, in _add_experience
    await message.channel.send(f"{species_name} gained {exp_amount} XP (Level {current_level} -> {new_level})")
          ^^^^^^^
NameError: name 'message' is not defined
2025-08-31 09:01:26,678 - discord.client - ERROR - Ignoring exception in on_message
Traceback (most recent call last):
  File "H:\Github Repositories\pokebot\venv\Lib\site-packages\discord\client.py", line 504, in _run_event
    await coro(*args, **kwargs)
  File "H:\Github Repositories\pokebot\cogs\experience.py", line 39, in on_message
    await self._add_experience(pokemon, xp_per_pokemon, message.channel)
  File "H:\Github Repositories\pokebot\cogs\experience.py", line 81, in _add_experience
    await message.channel.send(f"{species_name} gained {exp_amount} XP (Level {current_level} -> {new_level})")
          ^^^^^^^
NameError: name 'message' is not defined
2025-08-31 09:01:27,107 - discord.client - ERROR - Ignoring exception in on_message
Traceback (most recent call last):
  File "H:\Github Repositories\pokebot\venv\Lib\site-packages\discord\client.py", line 504, in _run_event
    await coro(*args, **kwargs)
  File "H:\Github Repositories\pokebot\cogs\experience.py", line 39, in on_message
    await self._add_experience(pokemon, xp_per_pokemon, message.channel)
  File "H:\Github Repositories\pokebot\cogs\experience.py", line 81, in _add_experience
    await message.channel.send(f"{species_name} gained {exp_amount} XP (Level {current_level} -> {new_level})")
          ^^^^^^^
NameError: name 'message' is not defined
2025-08-31 09:01:27,582 - discord.client - ERROR - Ignoring exception in on_message
Traceback (most recent call last):
  File "H:\Github Repositories\pokebot\venv\Lib\site-packages\discord\client.py", line 504, in _run_event
    await coro(*args, **kwargs)
  File "H:\Github Repositories\pokebot\cogs\experience.py", line 39, in on_message
    await self._add_experience(pokemon, xp_per_pokemon, message.channel)
  File "H:\Github Repositories\pokebot\cogs\experience.py", line 81, in _add_experience
    await message.channel.send(f"{species_name} gained {exp_amount} XP (Level {current_level} -> {new_level})")
          ^^^^^^^
NameError: name 'message' is not defined
2025-08-31 09:01:28,075 - discord.client - ERROR - Ignoring exception in on_message
Traceback (most recent call last):
  File "H:\Github Repositories\pokebot\venv\Lib\site-packages\discord\client.py", line 504, in _run_event
    await coro(*args, **kwargs)
  File "H:\Github Repositories\pokebot\cogs\experience.py", line 39, in on_message
    await self._add_experience(pokemon, xp_per_pokemon, message.channel)
  File "H:\Github Repositories\pokebot\cogs\experience.py", line 81, in _add_experience
    await message.channel.send(f"{species_name} gained {exp_amount} XP (Level {current_level} -> {new_level})")
          ^^^^^^^
NameError: name 'message' is not defined
2025-08-31 09:01:28,752 - discord.client - ERROR - Ignoring exception in on_message
Traceback (most recent call last):
  File "H:\Github Repositories\pokebot\venv\Lib\site-packages\discord\client.py", line 504, in _run_event
    await coro(*args, **kwargs)
  File "H:\Github Repositories\pokebot\cogs\experience.py", line 39, in on_message
    await self._add_experience(pokemon, xp_per_pokemon, message.channel)
  File "H:\Github Repositories\pokebot\cogs\experience.py", line 81, in _add_experience
    await message.channel.send(f"{species_name} gained {exp_amount} XP (Level {current_level} -> {new_level})")
          ^^^^^^^
NameError: name 'message' is not defined
2025-08-31 09:01:31,831 - discord.client - ERROR - Ignoring exception in on_message
Traceback (most recent call last):
  File "H:\Github Repositories\pokebot\venv\Lib\site-packages\discord\client.py", line 504, in _run_event
    await coro(*args, **kwargs)
  File "H:\Github Repositories\pokebot\cogs\experience.py", line 39, in on_message
    await self._add_experience(pokemon, xp_per_pokemon, message.channel)
  File "H:\Github Repositories\pokebot\cogs\experience.py", line 81, in _add_experience
    await message.channel.send(f"{species_name} gained {exp_amount} XP (Level {current_level} -> {new_level})")
          ^^^^^^^
NameError: name 'message' is not defined
2025-08-31 09:01:33,741 - discord.client - ERROR - Ignoring exception in on_message
Traceback (most recent call last):
  File "H:\Github Repositories\pokebot\venv\Lib\site-packages\discord\client.py", line 504, in _run_event
    await coro(*args, **kwargs)
  File "H:\Github Repositories\pokebot\cogs\experience.py", line 39, in on_message
    await self._add_experience(pokemon, xp_per_pokemon, message.channel)
  File "H:\Github Repositories\pokebot\cogs\experience.py", line 81, in _add_experience
    await message.channel.send(f"{species_name} gained {exp_amount} XP (Level {current_level} -> {new_level})")
          ^^^^^^^
NameError: name 'message' is not defined
2025-08-31 09:01:35,639 - discord.client - ERROR - Ignoring exception in on_message
Traceback (most recent call last):
  File "H:\Github Repositories\pokebot\venv\Lib\site-packages\discord\client.py", line 504, in _run_event
    await coro(*args, **kwargs)
  File "H:\Github Repositories\pokebot\cogs\experience.py", line 39, in on_message
    await self._add_experience(pokemon, xp_per_pokemon, message.channel)
  File "H:\Github Repositories\pokebot\cogs\experience.py", line 81, in _add_experience
    await message.channel.send(f"{species_name} gained {exp_amount} XP (Level {current_level} -> {new_level})")
          ^^^^^^^
NameError: name 'message' is not defined
2025-08-31 09:01:37,525 - discord.client - ERROR - Ignoring exception in on_message
Traceback (most recent call last):
  File "H:\Github Repositories\pokebot\venv\Lib\site-packages\discord\client.py", line 504, in _run_event
    await coro(*args, **kwargs)
  File "H:\Github Repositories\pokebot\cogs\experience.py", line 39, in on_message
    await self._add_experience(pokemon, xp_per_pokemon, message.channel)
  File "H:\Github Repositories\pokebot\cogs\experience.py", line 81, in _add_experience
    await message.channel.send(f"{species_name} gained {exp_amount} XP (Level {current_level} -> {new_level})")
          ^^^^^^^
NameError: name 'message' is not defined
2025-08-31 09:01:39,448 - discord.client - ERROR - Ignoring exception in on_message
Traceback (most recent call last):
  File "H:\Github Repositories\pokebot\venv\Lib\site-packages\discord\client.py", line 504, in _run_event
    await coro(*args, **kwargs)
  File "H:\Github Repositories\pokebot\cogs\experience.py", line 39, in on_message
    await self._add_experience(pokemon, xp_per_pokemon, message.channel)
  File "H:\Github Repositories\pokebot\cogs\experience.py", line 81, in _add_experience
    await message.channel.send(f"{species_name} gained {exp_amount} XP (Level {current_level} -> {new_level})")
          ^^^^^^^
NameError: name 'message' is not defined
2025-08-31 09:01:41,260 - discord.client - ERROR - Ignoring exception in on_message
Traceback (most recent call last):
  File "H:\Github Repositories\pokebot\venv\Lib\site-packages\discord\client.py", line 504, in _run_event
    await coro(*args, **kwargs)
  File "H:\Github Repositories\pokebot\cogs\experience.py", line 39, in on_message
    await self._add_experience(pokemon, xp_per_pokemon, message.channel)
  File "H:\Github Repositories\pokebot\cogs\experience.py", line 81, in _add_experience
    await message.channel.send(f"{species_name} gained {exp_amount} XP (Level {current_level} -> {new_level})")
          ^^^^^^^
NameError: name 'message' is not defined
2025-08-31 09:03:13,987 - discord.client - WARNING - PyNaCl is not installed, voice will NOT be supported
2025-08-31 09:03:13,988 - discord.client - INFO - logging in using static token
2025-08-31 09:03:16,072 - discord.gateway - INFO - Shard ID None has connected to Gateway (Session ID: 34fe63e14969244dfb531d74cbcb0ff5).
2025-08-31 09:03:38,295 - discord.client - ERROR - Ignoring exception in on_message
Traceback (most recent call last):
  File "H:\Github Repositories\pokebot\venv\Lib\site-packages\discord\client.py", line 504, in _run_event
    await coro(*args, **kwargs)
  File "H:\Github Repositories\pokebot\cogs\experience.py", line 39, in on_message
    await self._add_experience(pokemon, xp_per_pokemon, message.channel)
  File "H:\Github Repositories\pokebot\cogs\experience.py", line 77, in _add_experience
    await message.channel.send(f"{species_name} gained {exp_amount} XP (Level {current_level} -> {new_level})")
          ^^^^^^^
NameError: name 'message' is not defined
2025-08-31 09:03:39,517 - discord.client - ERROR - Ignoring exception in on_message
Traceback (most recent call last):
  File "H:\Github Repositories\pokebot\venv\Lib\site-packages\discord\client.py", line 504, in _run_event
    await coro(*args, **kwargs)
  File "H:\Github Repositories\pokebot\cogs\experience.py", line 39, in on_message
    await self._add_experience(pokemon, xp_per_pokemon, message.channel)
  File "H:\Github Repositories\pokebot\cogs\experience.py", line 77, in _add_experience
    await message.channel.send(f"{species_name} gained {exp_amount} XP (Level {current_level} -> {new_level})")
          ^^^^^^^
NameError: name 'message' is not defined
2025-08-31 09:06:25,947 - discord.client - WARNING - PyNaCl is not installed, voice will NOT be supported
2025-08-31 09:06:25,949 - discord.client - INFO - logging in using static token
2025-08-31 09:06:27,957 - discord.gateway - INFO - Shard ID None has connected to Gateway (Session ID: e2a4570aff3f653d35b276597807aa81).
2025-08-31 09:11:26,442 - discord.client - WARNING - PyNaCl is not installed, voice will NOT be supported
2025-08-31 09:11:26,445 - discord.client - INFO - logging in using static token
2025-08-31 09:11:28,472 - discord.gateway - INFO - Shard ID None has connected to Gateway (Session ID: d7273b2c0d294520a1175fb5f148004d).
2025-08-31 09:13:17,607 - discord.client - WARNING - PyNaCl is not installed, voice will NOT be supported
2025-08-31 09:13:17,608 - discord.client - INFO - logging in using static token
2025-08-31 09:13:19,678 - discord.gateway - INFO - Shard ID None has connected to Gateway (Session ID: 976703a98104732a6a8cff5f525e6c6a).
2025-08-31 09:24:29,630 - discord.client - WARNING - PyNaCl is not installed, voice will NOT be supported
2025-08-31 09:24:29,633 - discord.client - INFO - logging in using static token
2025-08-31 09:24:31,566 - discord.gateway - INFO - Shard ID None has connected to Gateway (Session ID: 0ed20b6860f473e2322ab6175bc669b3).
2025-08-31 09:28:14,635 - discord.client - WARNING - PyNaCl is not installed, voice will NOT be supported
2025-08-31 09:28:14,636 - discord.client - INFO - logging in using static token
2025-08-31 09:28:16,664 - discord.gateway - INFO - Shard ID None has connected to Gateway (Session ID: b0320b2fdc3e010f6ce0ef3b81a70194).
2025-08-31 09:32:13,987 - discord.client - WARNING - PyNaCl is not installed, voice will NOT be supported
2025-08-31 09:32:13,989 - discord.client - INFO - logging in using static token
2025-08-31 09:32:15,974 - discord.gateway - INFO - Shard ID None has connected to Gateway (Session ID: e8903e72603ac039ffaf10cbb96763dd).
2025-08-31 11:16:21,981 - discord.app_commands.tree - ERROR - Ignoring exception in command 'use'
Traceback (most recent call last):
  File "H:\Github Repositories\pokebot\venv\Lib\site-packages\discord\app_commands\commands.py", line 858, in _do_call
    return await self._callback(self.binding, interaction, **params)  # type: ignore
           ^^^^^^^^^^^^^^^^^^^^^^^^^^^^^^^^^^^^^^^^^^^^^^^^^^^^^^^^^
  File "H:\Github Repositories\pokebot\cogs\shop.py", line 164, in use_item
    result = await self._use_item_on_pokemon(item, pokemon)
             ^^^^^^^^^^^^^^^^^^^^^^^^^^^^^^^^^^^^^^^^^^^^^^
  File "H:\Github Repositories\pokebot\cogs\shop.py", line 181, in _use_item_on_pokemon
    species = POKEMON_DATA[pokemon['species_id']]
              ~~~~~~~~~~~~^^^^^^^^^^^^^^^^^^^^^^^
KeyError: 127

The above exception was the direct cause of the following exception:

Traceback (most recent call last):
  File "H:\Github Repositories\pokebot\venv\Lib\site-packages\discord\app_commands\tree.py", line 1297, in _call
    await command._invoke_with_namespace(interaction, namespace)
  File "H:\Github Repositories\pokebot\venv\Lib\site-packages\discord\app_commands\commands.py", line 884, in _invoke_with_namespace
    return await self._do_call(interaction, transformed_values)
           ^^^^^^^^^^^^^^^^^^^^^^^^^^^^^^^^^^^^^^^^^^^^^^^^^^^^
  File "H:\Github Repositories\pokebot\venv\Lib\site-packages\discord\app_commands\commands.py", line 877, in _do_call
    raise CommandInvokeError(self, e) from e
discord.app_commands.errors.CommandInvokeError: Command 'use' raised an exception: KeyError: 127
2025-08-31 11:16:50,924 - discord.app_commands.tree - ERROR - Ignoring exception in command 'use'
Traceback (most recent call last):
  File "H:\Github Repositories\pokebot\venv\Lib\site-packages\discord\app_commands\commands.py", line 858, in _do_call
    return await self._callback(self.binding, interaction, **params)  # type: ignore
           ^^^^^^^^^^^^^^^^^^^^^^^^^^^^^^^^^^^^^^^^^^^^^^^^^^^^^^^^^
  File "H:\Github Repositories\pokebot\cogs\shop.py", line 164, in use_item
    result = await self._use_item_on_pokemon(item, pokemon)
             ^^^^^^^^^^^^^^^^^^^^^^^^^^^^^^^^^^^^^^^^^^^^^^
  File "H:\Github Repositories\pokebot\cogs\shop.py", line 181, in _use_item_on_pokemon
    species = POKEMON_DATA[pokemon['species_id']]
              ~~~~~~~~~~~~^^^^^^^^^^^^^^^^^^^^^^^
KeyError: 127

The above exception was the direct cause of the following exception:

Traceback (most recent call last):
  File "H:\Github Repositories\pokebot\venv\Lib\site-packages\discord\app_commands\tree.py", line 1297, in _call
    await command._invoke_with_namespace(interaction, namespace)
  File "H:\Github Repositories\pokebot\venv\Lib\site-packages\discord\app_commands\commands.py", line 884, in _invoke_with_namespace
    return await self._do_call(interaction, transformed_values)
           ^^^^^^^^^^^^^^^^^^^^^^^^^^^^^^^^^^^^^^^^^^^^^^^^^^^^
  File "H:\Github Repositories\pokebot\venv\Lib\site-packages\discord\app_commands\commands.py", line 877, in _do_call
    raise CommandInvokeError(self, e) from e
discord.app_commands.errors.CommandInvokeError: Command 'use' raised an exception: KeyError: 127
2025-08-31 11:17:10,469 - discord.app_commands.tree - ERROR - Ignoring exception in command 'use'
Traceback (most recent call last):
  File "H:\Github Repositories\pokebot\venv\Lib\site-packages\discord\app_commands\commands.py", line 858, in _do_call
    return await self._callback(self.binding, interaction, **params)  # type: ignore
           ^^^^^^^^^^^^^^^^^^^^^^^^^^^^^^^^^^^^^^^^^^^^^^^^^^^^^^^^^
  File "H:\Github Repositories\pokebot\cogs\shop.py", line 164, in use_item
    result = await self._use_item_on_pokemon(item, pokemon)
             ^^^^^^^^^^^^^^^^^^^^^^^^^^^^^^^^^^^^^^^^^^^^^^
  File "H:\Github Repositories\pokebot\cogs\shop.py", line 181, in _use_item_on_pokemon
    species = POKEMON_DATA[pokemon['species_id']]
              ~~~~~~~~~~~~^^^^^^^^^^^^^^^^^^^^^^^
KeyError: 39

The above exception was the direct cause of the following exception:

Traceback (most recent call last):
  File "H:\Github Repositories\pokebot\venv\Lib\site-packages\discord\app_commands\tree.py", line 1297, in _call
    await command._invoke_with_namespace(interaction, namespace)
  File "H:\Github Repositories\pokebot\venv\Lib\site-packages\discord\app_commands\commands.py", line 884, in _invoke_with_namespace
    return await self._do_call(interaction, transformed_values)
           ^^^^^^^^^^^^^^^^^^^^^^^^^^^^^^^^^^^^^^^^^^^^^^^^^^^^
  File "H:\Github Repositories\pokebot\venv\Lib\site-packages\discord\app_commands\commands.py", line 877, in _do_call
    raise CommandInvokeError(self, e) from e
discord.app_commands.errors.CommandInvokeError: Command 'use' raised an exception: KeyError: 39
2025-08-31 11:20:31,216 - discord.ui.view - ERROR - Ignoring exception in view <GymMoveView timeout=180 children=5> for item <Button style=<ButtonStyle.secondary: 2> url=None disabled=False label='Switch Pokemon' emoji=None row=None sku_id=None id=None>
Traceback (most recent call last):
  File "H:\Github Repositories\pokebot\venv\Lib\site-packages\discord\ui\view.py", line 555, in _scheduled_task
    await item.callback(interaction)
  File "H:\Github Repositories\pokebot\cogs\gym.py", line 643, in _switch_pokemon
    await interaction.response.send_message("Choose a Pokemon to switch to:", view=view, ephemeral=True)
  File "H:\Github Repositories\pokebot\venv\Lib\site-packages\discord\interactions.py", line 1051, in send_message
    response = await adapter.create_interaction_response(
               ^^^^^^^^^^^^^^^^^^^^^^^^^^^^^^^^^^^^^^^^^^
  File "H:\Github Repositories\pokebot\venv\Lib\site-packages\discord\webhook\async_.py", line 224, in request
    raise NotFound(response, data)
discord.errors.NotFound: 404 Not Found (error code: 10062): Unknown interaction
2025-08-31 11:21:56,494 - discord.client - WARNING - PyNaCl is not installed, voice will NOT be supported
2025-08-31 11:21:56,495 - discord.client - INFO - logging in using static token
2025-08-31 11:21:58,763 - discord.gateway - INFO - Shard ID None has connected to Gateway (Session ID: dbb3c9e5fb81101a5bfa86110b926d7f).
2025-08-31 11:22:06,701 - discord.client - ERROR - Ignoring exception in on_message
Traceback (most recent call last):
  File "H:\Github Repositories\pokebot\venv\Lib\site-packages\discord\client.py", line 504, in _run_event
    await coro(*args, **kwargs)
  File "H:\Github Repositories\pokebot\cogs\spawn.py", line 38, in on_message
    await self._spawn_pokemon(spawn_channel, message.guild.id)
                              ^^^^^^^^^^^^^
NameError: name 'spawn_channel' is not defined
2025-08-31 11:24:05,553 - discord.app_commands.tree - ERROR - Ignoring exception in command 'use'
Traceback (most recent call last):
  File "H:\Github Repositories\pokebot\venv\Lib\site-packages\discord\app_commands\commands.py", line 858, in _do_call
    return await self._callback(self.binding, interaction, **params)  # type: ignore
           ^^^^^^^^^^^^^^^^^^^^^^^^^^^^^^^^^^^^^^^^^^^^^^^^^^^^^^^^^
  File "H:\Github Repositories\pokebot\cogs\shop.py", line 164, in use_item
    result = await self._use_item_on_pokemon(item, pokemon)
             ^^^^^^^^^^^^^^^^^^^^^^^^^^^^^^^^^^^^^^^^^^^^^^
  File "H:\Github Repositories\pokebot\cogs\shop.py", line 200, in _use_item_on_pokemon
    return f"{pokemon['name']} was healed for {actual_heal} HP!"
              ~~~~~~~^^^^^^^^
KeyError: 'name'

The above exception was the direct cause of the following exception:

Traceback (most recent call last):
  File "H:\Github Repositories\pokebot\venv\Lib\site-packages\discord\app_commands\tree.py", line 1297, in _call
    await command._invoke_with_namespace(interaction, namespace)
  File "H:\Github Repositories\pokebot\venv\Lib\site-packages\discord\app_commands\commands.py", line 884, in _invoke_with_namespace
    return await self._do_call(interaction, transformed_values)
           ^^^^^^^^^^^^^^^^^^^^^^^^^^^^^^^^^^^^^^^^^^^^^^^^^^^^
  File "H:\Github Repositories\pokebot\venv\Lib\site-packages\discord\app_commands\commands.py", line 877, in _do_call
    raise CommandInvokeError(self, e) from e
discord.app_commands.errors.CommandInvokeError: Command 'use' raised an exception: KeyError: 'name'
2025-08-31 11:25:07,202 - discord.client - ERROR - Ignoring exception in on_message
Traceback (most recent call last):
  File "H:\Github Repositories\pokebot\venv\Lib\site-packages\discord\client.py", line 504, in _run_event
    await coro(*args, **kwargs)
  File "H:\Github Repositories\pokebot\cogs\spawn.py", line 38, in on_message
    await self._spawn_pokemon(spawn_channel, message.guild.id)
                              ^^^^^^^^^^^^^
NameError: name 'spawn_channel' is not defined
2025-08-31 11:25:18,365 - discord.client - ERROR - Ignoring exception in on_message
Traceback (most recent call last):
  File "H:\Github Repositories\pokebot\venv\Lib\site-packages\discord\client.py", line 504, in _run_event
    await coro(*args, **kwargs)
  File "H:\Github Repositories\pokebot\cogs\spawn.py", line 38, in on_message
    await self._spawn_pokemon(spawn_channel, message.guild.id)
                              ^^^^^^^^^^^^^
NameError: name 'spawn_channel' is not defined
2025-08-31 11:25:24,023 - discord.client - ERROR - Ignoring exception in on_message
Traceback (most recent call last):
  File "H:\Github Repositories\pokebot\venv\Lib\site-packages\discord\client.py", line 504, in _run_event
    await coro(*args, **kwargs)
  File "H:\Github Repositories\pokebot\cogs\spawn.py", line 38, in on_message
    await self._spawn_pokemon(spawn_channel, message.guild.id)
                              ^^^^^^^^^^^^^
NameError: name 'spawn_channel' is not defined
2025-08-31 11:25:31,577 - discord.client - ERROR - Ignoring exception in on_message
Traceback (most recent call last):
  File "H:\Github Repositories\pokebot\venv\Lib\site-packages\discord\client.py", line 504, in _run_event
    await coro(*args, **kwargs)
  File "H:\Github Repositories\pokebot\cogs\spawn.py", line 38, in on_message
    await self._spawn_pokemon(spawn_channel, message.guild.id)
                              ^^^^^^^^^^^^^
NameError: name 'spawn_channel' is not defined
2025-08-31 11:25:37,656 - discord.client - ERROR - Ignoring exception in on_message
Traceback (most recent call last):
  File "H:\Github Repositories\pokebot\venv\Lib\site-packages\discord\client.py", line 504, in _run_event
    await coro(*args, **kwargs)
  File "H:\Github Repositories\pokebot\cogs\spawn.py", line 38, in on_message
    await self._spawn_pokemon(spawn_channel, message.guild.id)
                              ^^^^^^^^^^^^^
NameError: name 'spawn_channel' is not defined
2025-08-31 11:25:56,094 - discord.client - ERROR - Ignoring exception in on_message
Traceback (most recent call last):
  File "H:\Github Repositories\pokebot\venv\Lib\site-packages\discord\client.py", line 504, in _run_event
    await coro(*args, **kwargs)
  File "H:\Github Repositories\pokebot\cogs\spawn.py", line 38, in on_message
    await self._spawn_pokemon(spawn_channel, message.guild.id)
                              ^^^^^^^^^^^^^
NameError: name 'spawn_channel' is not defined
2025-08-31 11:26:09,788 - discord.client - ERROR - Ignoring exception in on_message
Traceback (most recent call last):
  File "H:\Github Repositories\pokebot\venv\Lib\site-packages\discord\client.py", line 504, in _run_event
    await coro(*args, **kwargs)
  File "H:\Github Repositories\pokebot\cogs\spawn.py", line 38, in on_message
    await self._spawn_pokemon(spawn_channel, message.guild.id)
                              ^^^^^^^^^^^^^
NameError: name 'spawn_channel' is not defined
2025-08-31 11:28:35,064 - discord.client - ERROR - Ignoring exception in on_message
Traceback (most recent call last):
  File "H:\Github Repositories\pokebot\venv\Lib\site-packages\discord\client.py", line 504, in _run_event
    await coro(*args, **kwargs)
  File "H:\Github Repositories\pokebot\cogs\spawn.py", line 38, in on_message
    await self._spawn_pokemon(spawn_channel, message.guild.id)
                              ^^^^^^^^^^^^^
NameError: name 'spawn_channel' is not defined
2025-08-31 11:28:45,765 - discord.client - ERROR - Ignoring exception in on_message
Traceback (most recent call last):
  File "H:\Github Repositories\pokebot\venv\Lib\site-packages\discord\client.py", line 504, in _run_event
    await coro(*args, **kwargs)
  File "H:\Github Repositories\pokebot\cogs\spawn.py", line 38, in on_message
    await self._spawn_pokemon(spawn_channel, message.guild.id)
                              ^^^^^^^^^^^^^
NameError: name 'spawn_channel' is not defined
2025-08-31 11:28:54,780 - discord.client - ERROR - Ignoring exception in on_message
Traceback (most recent call last):
  File "H:\Github Repositories\pokebot\venv\Lib\site-packages\discord\client.py", line 504, in _run_event
    await coro(*args, **kwargs)
  File "H:\Github Repositories\pokebot\cogs\spawn.py", line 38, in on_message
    await self._spawn_pokemon(spawn_channel, message.guild.id)
                              ^^^^^^^^^^^^^
NameError: name 'spawn_channel' is not defined
2025-08-31 11:28:58,356 - discord.client - ERROR - Ignoring exception in on_message
Traceback (most recent call last):
  File "H:\Github Repositories\pokebot\venv\Lib\site-packages\discord\client.py", line 504, in _run_event
    await coro(*args, **kwargs)
  File "H:\Github Repositories\pokebot\cogs\spawn.py", line 38, in on_message
    await self._spawn_pokemon(spawn_channel, message.guild.id)
                              ^^^^^^^^^^^^^
NameError: name 'spawn_channel' is not defined
2025-08-31 11:30:19,708 - discord.client - ERROR - Ignoring exception in on_message
Traceback (most recent call last):
  File "H:\Github Repositories\pokebot\venv\Lib\site-packages\discord\client.py", line 504, in _run_event
    await coro(*args, **kwargs)
  File "H:\Github Repositories\pokebot\cogs\spawn.py", line 38, in on_message
    await self._spawn_pokemon(spawn_channel, message.guild.id)
                              ^^^^^^^^^^^^^
NameError: name 'spawn_channel' is not defined
2025-08-31 11:30:49,128 - discord.client - ERROR - Ignoring exception in on_message
Traceback (most recent call last):
  File "H:\Github Repositories\pokebot\venv\Lib\site-packages\discord\client.py", line 504, in _run_event
    await coro(*args, **kwargs)
  File "H:\Github Repositories\pokebot\cogs\spawn.py", line 38, in on_message
    await self._spawn_pokemon(spawn_channel, message.guild.id)
                              ^^^^^^^^^^^^^
NameError: name 'spawn_channel' is not defined
2025-08-31 11:31:29,343 - discord.client - ERROR - Ignoring exception in on_message
Traceback (most recent call last):
  File "H:\Github Repositories\pokebot\venv\Lib\site-packages\discord\client.py", line 504, in _run_event
    await coro(*args, **kwargs)
  File "H:\Github Repositories\pokebot\cogs\spawn.py", line 38, in on_message
    await self._spawn_pokemon(spawn_channel, message.guild.id)
                              ^^^^^^^^^^^^^
NameError: name 'spawn_channel' is not defined
2025-08-31 11:31:59,210 - discord.client - ERROR - Ignoring exception in on_message
Traceback (most recent call last):
  File "H:\Github Repositories\pokebot\venv\Lib\site-packages\discord\client.py", line 504, in _run_event
    await coro(*args, **kwargs)
  File "H:\Github Repositories\pokebot\cogs\spawn.py", line 38, in on_message
    await self._spawn_pokemon(spawn_channel, message.guild.id)
                              ^^^^^^^^^^^^^
NameError: name 'spawn_channel' is not defined
2025-08-31 11:32:00,042 - discord.client - ERROR - Ignoring exception in on_message
Traceback (most recent call last):
  File "H:\Github Repositories\pokebot\venv\Lib\site-packages\discord\client.py", line 504, in _run_event
    await coro(*args, **kwargs)
  File "H:\Github Repositories\pokebot\cogs\spawn.py", line 38, in on_message
    await self._spawn_pokemon(spawn_channel, message.guild.id)
                              ^^^^^^^^^^^^^
NameError: name 'spawn_channel' is not defined
2025-08-31 11:32:16,997 - discord.client - ERROR - Ignoring exception in on_message
Traceback (most recent call last):
  File "H:\Github Repositories\pokebot\venv\Lib\site-packages\discord\client.py", line 504, in _run_event
    await coro(*args, **kwargs)
  File "H:\Github Repositories\pokebot\cogs\spawn.py", line 38, in on_message
    await self._spawn_pokemon(spawn_channel, message.guild.id)
                              ^^^^^^^^^^^^^
NameError: name 'spawn_channel' is not defined
2025-08-31 11:32:24,884 - discord.client - ERROR - Ignoring exception in on_message
Traceback (most recent call last):
  File "H:\Github Repositories\pokebot\venv\Lib\site-packages\discord\client.py", line 504, in _run_event
    await coro(*args, **kwargs)
  File "H:\Github Repositories\pokebot\cogs\spawn.py", line 38, in on_message
    await self._spawn_pokemon(spawn_channel, message.guild.id)
                              ^^^^^^^^^^^^^
NameError: name 'spawn_channel' is not defined
2025-08-31 11:32:41,885 - discord.client - ERROR - Ignoring exception in on_message
Traceback (most recent call last):
  File "H:\Github Repositories\pokebot\venv\Lib\site-packages\discord\client.py", line 504, in _run_event
    await coro(*args, **kwargs)
  File "H:\Github Repositories\pokebot\cogs\spawn.py", line 38, in on_message
    await self._spawn_pokemon(spawn_channel, message.guild.id)
                              ^^^^^^^^^^^^^
NameError: name 'spawn_channel' is not defined
2025-08-31 11:32:50,903 - discord.client - ERROR - Ignoring exception in on_message
Traceback (most recent call last):
  File "H:\Github Repositories\pokebot\venv\Lib\site-packages\discord\client.py", line 504, in _run_event
    await coro(*args, **kwargs)
  File "H:\Github Repositories\pokebot\cogs\spawn.py", line 38, in on_message
    await self._spawn_pokemon(spawn_channel, message.guild.id)
                              ^^^^^^^^^^^^^
NameError: name 'spawn_channel' is not defined
2025-08-31 11:32:57,098 - discord.client - ERROR - Ignoring exception in on_message
Traceback (most recent call last):
  File "H:\Github Repositories\pokebot\venv\Lib\site-packages\discord\client.py", line 504, in _run_event
    await coro(*args, **kwargs)
  File "H:\Github Repositories\pokebot\cogs\spawn.py", line 38, in on_message
    await self._spawn_pokemon(spawn_channel, message.guild.id)
                              ^^^^^^^^^^^^^
NameError: name 'spawn_channel' is not defined
2025-08-31 11:32:59,589 - discord.client - ERROR - Ignoring exception in on_message
Traceback (most recent call last):
  File "H:\Github Repositories\pokebot\venv\Lib\site-packages\discord\client.py", line 504, in _run_event
    await coro(*args, **kwargs)
  File "H:\Github Repositories\pokebot\cogs\spawn.py", line 38, in on_message
    await self._spawn_pokemon(spawn_channel, message.guild.id)
                              ^^^^^^^^^^^^^
NameError: name 'spawn_channel' is not defined
2025-08-31 11:33:04,508 - discord.client - ERROR - Ignoring exception in on_message
Traceback (most recent call last):
  File "H:\Github Repositories\pokebot\venv\Lib\site-packages\discord\client.py", line 504, in _run_event
    await coro(*args, **kwargs)
  File "H:\Github Repositories\pokebot\cogs\spawn.py", line 38, in on_message
    await self._spawn_pokemon(spawn_channel, message.guild.id)
                              ^^^^^^^^^^^^^
NameError: name 'spawn_channel' is not defined
2025-08-31 11:33:06,335 - discord.client - ERROR - Ignoring exception in on_message
Traceback (most recent call last):
  File "H:\Github Repositories\pokebot\venv\Lib\site-packages\discord\client.py", line 504, in _run_event
    await coro(*args, **kwargs)
  File "H:\Github Repositories\pokebot\cogs\spawn.py", line 38, in on_message
    await self._spawn_pokemon(spawn_channel, message.guild.id)
                              ^^^^^^^^^^^^^
NameError: name 'spawn_channel' is not defined
2025-08-31 11:33:07,655 - discord.client - ERROR - Ignoring exception in on_message
Traceback (most recent call last):
  File "H:\Github Repositories\pokebot\venv\Lib\site-packages\discord\client.py", line 504, in _run_event
    await coro(*args, **kwargs)
  File "H:\Github Repositories\pokebot\cogs\spawn.py", line 38, in on_message
    await self._spawn_pokemon(spawn_channel, message.guild.id)
                              ^^^^^^^^^^^^^
NameError: name 'spawn_channel' is not defined
2025-08-31 11:33:14,912 - discord.client - ERROR - Ignoring exception in on_message
Traceback (most recent call last):
  File "H:\Github Repositories\pokebot\venv\Lib\site-packages\discord\client.py", line 504, in _run_event
    await coro(*args, **kwargs)
  File "H:\Github Repositories\pokebot\cogs\spawn.py", line 38, in on_message
    await self._spawn_pokemon(spawn_channel, message.guild.id)
                              ^^^^^^^^^^^^^
NameError: name 'spawn_channel' is not defined
2025-08-31 11:33:17,628 - discord.client - ERROR - Ignoring exception in on_message
Traceback (most recent call last):
  File "H:\Github Repositories\pokebot\venv\Lib\site-packages\discord\client.py", line 504, in _run_event
    await coro(*args, **kwargs)
  File "H:\Github Repositories\pokebot\cogs\spawn.py", line 38, in on_message
    await self._spawn_pokemon(spawn_channel, message.guild.id)
                              ^^^^^^^^^^^^^
NameError: name 'spawn_channel' is not defined
2025-08-31 11:33:21,561 - discord.client - ERROR - Ignoring exception in on_message
Traceback (most recent call last):
  File "H:\Github Repositories\pokebot\venv\Lib\site-packages\discord\client.py", line 504, in _run_event
    await coro(*args, **kwargs)
  File "H:\Github Repositories\pokebot\cogs\spawn.py", line 38, in on_message
    await self._spawn_pokemon(spawn_channel, message.guild.id)
                              ^^^^^^^^^^^^^
NameError: name 'spawn_channel' is not defined
2025-08-31 11:33:27,173 - discord.client - ERROR - Ignoring exception in on_message
Traceback (most recent call last):
  File "H:\Github Repositories\pokebot\venv\Lib\site-packages\discord\client.py", line 504, in _run_event
    await coro(*args, **kwargs)
  File "H:\Github Repositories\pokebot\cogs\spawn.py", line 38, in on_message
    await self._spawn_pokemon(spawn_channel, message.guild.id)
                              ^^^^^^^^^^^^^
NameError: name 'spawn_channel' is not defined
2025-08-31 11:33:46,460 - discord.client - ERROR - Ignoring exception in on_message
Traceback (most recent call last):
  File "H:\Github Repositories\pokebot\venv\Lib\site-packages\discord\client.py", line 504, in _run_event
    await coro(*args, **kwargs)
  File "H:\Github Repositories\pokebot\cogs\spawn.py", line 38, in on_message
    await self._spawn_pokemon(spawn_channel, message.guild.id)
                              ^^^^^^^^^^^^^
NameError: name 'spawn_channel' is not defined
2025-08-31 11:33:56,874 - discord.client - ERROR - Ignoring exception in on_message
Traceback (most recent call last):
  File "H:\Github Repositories\pokebot\venv\Lib\site-packages\discord\client.py", line 504, in _run_event
    await coro(*args, **kwargs)
  File "H:\Github Repositories\pokebot\cogs\spawn.py", line 38, in on_message
    await self._spawn_pokemon(spawn_channel, message.guild.id)
                              ^^^^^^^^^^^^^
NameError: name 'spawn_channel' is not defined
2025-08-31 11:33:58,306 - discord.client - ERROR - Ignoring exception in on_message
Traceback (most recent call last):
  File "H:\Github Repositories\pokebot\venv\Lib\site-packages\discord\client.py", line 504, in _run_event
    await coro(*args, **kwargs)
  File "H:\Github Repositories\pokebot\cogs\spawn.py", line 38, in on_message
    await self._spawn_pokemon(spawn_channel, message.guild.id)
                              ^^^^^^^^^^^^^
NameError: name 'spawn_channel' is not defined
2025-08-31 11:34:00,296 - discord.client - ERROR - Ignoring exception in on_message
Traceback (most recent call last):
  File "H:\Github Repositories\pokebot\venv\Lib\site-packages\discord\client.py", line 504, in _run_event
    await coro(*args, **kwargs)
  File "H:\Github Repositories\pokebot\cogs\spawn.py", line 38, in on_message
    await self._spawn_pokemon(spawn_channel, message.guild.id)
                              ^^^^^^^^^^^^^
NameError: name 'spawn_channel' is not defined
2025-08-31 11:34:46,838 - discord.client - ERROR - Ignoring exception in on_message
Traceback (most recent call last):
  File "H:\Github Repositories\pokebot\venv\Lib\site-packages\discord\client.py", line 504, in _run_event
    await coro(*args, **kwargs)
  File "H:\Github Repositories\pokebot\cogs\spawn.py", line 38, in on_message
    await self._spawn_pokemon(spawn_channel, message.guild.id)
                              ^^^^^^^^^^^^^
NameError: name 'spawn_channel' is not defined
2025-08-31 11:34:55,255 - discord.client - ERROR - Ignoring exception in on_message
Traceback (most recent call last):
  File "H:\Github Repositories\pokebot\venv\Lib\site-packages\discord\client.py", line 504, in _run_event
    await coro(*args, **kwargs)
  File "H:\Github Repositories\pokebot\cogs\spawn.py", line 38, in on_message
    await self._spawn_pokemon(spawn_channel, message.guild.id)
                              ^^^^^^^^^^^^^
NameError: name 'spawn_channel' is not defined
2025-08-31 11:35:08,713 - discord.client - ERROR - Ignoring exception in on_message
Traceback (most recent call last):
  File "H:\Github Repositories\pokebot\venv\Lib\site-packages\discord\client.py", line 504, in _run_event
    await coro(*args, **kwargs)
  File "H:\Github Repositories\pokebot\cogs\spawn.py", line 38, in on_message
    await self._spawn_pokemon(spawn_channel, message.guild.id)
                              ^^^^^^^^^^^^^
NameError: name 'spawn_channel' is not defined
2025-08-31 11:35:18,335 - discord.client - ERROR - Ignoring exception in on_message
Traceback (most recent call last):
  File "H:\Github Repositories\pokebot\venv\Lib\site-packages\discord\client.py", line 504, in _run_event
    await coro(*args, **kwargs)
  File "H:\Github Repositories\pokebot\cogs\spawn.py", line 38, in on_message
    await self._spawn_pokemon(spawn_channel, message.guild.id)
                              ^^^^^^^^^^^^^
NameError: name 'spawn_channel' is not defined
2025-08-31 11:35:25,190 - discord.client - ERROR - Ignoring exception in on_message
Traceback (most recent call last):
  File "H:\Github Repositories\pokebot\venv\Lib\site-packages\discord\client.py", line 504, in _run_event
    await coro(*args, **kwargs)
  File "H:\Github Repositories\pokebot\cogs\spawn.py", line 38, in on_message
    await self._spawn_pokemon(spawn_channel, message.guild.id)
                              ^^^^^^^^^^^^^
NameError: name 'spawn_channel' is not defined
2025-08-31 11:35:33,454 - discord.client - ERROR - Ignoring exception in on_message
Traceback (most recent call last):
  File "H:\Github Repositories\pokebot\venv\Lib\site-packages\discord\client.py", line 504, in _run_event
    await coro(*args, **kwargs)
  File "H:\Github Repositories\pokebot\cogs\spawn.py", line 38, in on_message
    await self._spawn_pokemon(spawn_channel, message.guild.id)
                              ^^^^^^^^^^^^^
NameError: name 'spawn_channel' is not defined
2025-08-31 11:35:38,258 - discord.client - ERROR - Ignoring exception in on_message
Traceback (most recent call last):
  File "H:\Github Repositories\pokebot\venv\Lib\site-packages\discord\client.py", line 504, in _run_event
    await coro(*args, **kwargs)
  File "H:\Github Repositories\pokebot\cogs\spawn.py", line 38, in on_message
    await self._spawn_pokemon(spawn_channel, message.guild.id)
                              ^^^^^^^^^^^^^
NameError: name 'spawn_channel' is not defined
2025-08-31 11:36:08,689 - discord.client - ERROR - Ignoring exception in on_message
Traceback (most recent call last):
  File "H:\Github Repositories\pokebot\venv\Lib\site-packages\discord\client.py", line 504, in _run_event
    await coro(*args, **kwargs)
  File "H:\Github Repositories\pokebot\cogs\spawn.py", line 38, in on_message
    await self._spawn_pokemon(spawn_channel, message.guild.id)
                              ^^^^^^^^^^^^^
NameError: name 'spawn_channel' is not defined
2025-08-31 11:36:14,385 - discord.client - ERROR - Ignoring exception in on_message
Traceback (most recent call last):
  File "H:\Github Repositories\pokebot\venv\Lib\site-packages\discord\client.py", line 504, in _run_event
    await coro(*args, **kwargs)
  File "H:\Github Repositories\pokebot\cogs\spawn.py", line 38, in on_message
    await self._spawn_pokemon(spawn_channel, message.guild.id)
                              ^^^^^^^^^^^^^
NameError: name 'spawn_channel' is not defined
2025-08-31 11:36:32,642 - discord.client - ERROR - Ignoring exception in on_message
Traceback (most recent call last):
  File "H:\Github Repositories\pokebot\venv\Lib\site-packages\discord\client.py", line 504, in _run_event
    await coro(*args, **kwargs)
  File "H:\Github Repositories\pokebot\cogs\spawn.py", line 38, in on_message
    await self._spawn_pokemon(spawn_channel, message.guild.id)
                              ^^^^^^^^^^^^^
NameError: name 'spawn_channel' is not defined
2025-08-31 11:36:34,880 - discord.client - ERROR - Ignoring exception in on_message
Traceback (most recent call last):
  File "H:\Github Repositories\pokebot\venv\Lib\site-packages\discord\client.py", line 504, in _run_event
    await coro(*args, **kwargs)
  File "H:\Github Repositories\pokebot\cogs\spawn.py", line 38, in on_message
    await self._spawn_pokemon(spawn_channel, message.guild.id)
                              ^^^^^^^^^^^^^
NameError: name 'spawn_channel' is not defined
2025-08-31 11:37:04,022 - discord.client - ERROR - Ignoring exception in on_message
Traceback (most recent call last):
  File "H:\Github Repositories\pokebot\venv\Lib\site-packages\discord\client.py", line 504, in _run_event
    await coro(*args, **kwargs)
  File "H:\Github Repositories\pokebot\cogs\spawn.py", line 38, in on_message
    await self._spawn_pokemon(spawn_channel, message.guild.id)
                              ^^^^^^^^^^^^^
NameError: name 'spawn_channel' is not defined
2025-08-31 11:37:19,167 - discord.client - ERROR - Ignoring exception in on_message
Traceback (most recent call last):
  File "H:\Github Repositories\pokebot\venv\Lib\site-packages\discord\client.py", line 504, in _run_event
    await coro(*args, **kwargs)
  File "H:\Github Repositories\pokebot\cogs\spawn.py", line 38, in on_message
    await self._spawn_pokemon(spawn_channel, message.guild.id)
                              ^^^^^^^^^^^^^
NameError: name 'spawn_channel' is not defined
2025-08-31 11:37:49,410 - discord.client - ERROR - Ignoring exception in on_message
Traceback (most recent call last):
  File "H:\Github Repositories\pokebot\venv\Lib\site-packages\discord\client.py", line 504, in _run_event
    await coro(*args, **kwargs)
  File "H:\Github Repositories\pokebot\cogs\spawn.py", line 38, in on_message
    await self._spawn_pokemon(spawn_channel, message.guild.id)
                              ^^^^^^^^^^^^^
NameError: name 'spawn_channel' is not defined
2025-08-31 11:38:02,777 - discord.client - ERROR - Ignoring exception in on_message
Traceback (most recent call last):
  File "H:\Github Repositories\pokebot\venv\Lib\site-packages\discord\client.py", line 504, in _run_event
    await coro(*args, **kwargs)
  File "H:\Github Repositories\pokebot\cogs\spawn.py", line 38, in on_message
    await self._spawn_pokemon(spawn_channel, message.guild.id)
                              ^^^^^^^^^^^^^
NameError: name 'spawn_channel' is not defined
2025-08-31 11:38:03,586 - discord.client - ERROR - Ignoring exception in on_message
Traceback (most recent call last):
  File "H:\Github Repositories\pokebot\venv\Lib\site-packages\discord\client.py", line 504, in _run_event
    await coro(*args, **kwargs)
  File "H:\Github Repositories\pokebot\cogs\spawn.py", line 38, in on_message
    await self._spawn_pokemon(spawn_channel, message.guild.id)
                              ^^^^^^^^^^^^^
NameError: name 'spawn_channel' is not defined
2025-08-31 11:38:04,440 - discord.client - ERROR - Ignoring exception in on_message
Traceback (most recent call last):
  File "H:\Github Repositories\pokebot\venv\Lib\site-packages\discord\client.py", line 504, in _run_event
    await coro(*args, **kwargs)
  File "H:\Github Repositories\pokebot\cogs\spawn.py", line 38, in on_message
    await self._spawn_pokemon(spawn_channel, message.guild.id)
                              ^^^^^^^^^^^^^
NameError: name 'spawn_channel' is not defined
2025-08-31 11:38:05,290 - discord.client - ERROR - Ignoring exception in on_message
Traceback (most recent call last):
  File "H:\Github Repositories\pokebot\venv\Lib\site-packages\discord\client.py", line 504, in _run_event
    await coro(*args, **kwargs)
  File "H:\Github Repositories\pokebot\cogs\spawn.py", line 38, in on_message
    await self._spawn_pokemon(spawn_channel, message.guild.id)
                              ^^^^^^^^^^^^^
NameError: name 'spawn_channel' is not defined
2025-08-31 11:38:05,933 - discord.client - ERROR - Ignoring exception in on_message
Traceback (most recent call last):
  File "H:\Github Repositories\pokebot\venv\Lib\site-packages\discord\client.py", line 504, in _run_event
    await coro(*args, **kwargs)
  File "H:\Github Repositories\pokebot\cogs\spawn.py", line 38, in on_message
    await self._spawn_pokemon(spawn_channel, message.guild.id)
                              ^^^^^^^^^^^^^
NameError: name 'spawn_channel' is not defined
2025-08-31 11:38:06,767 - discord.client - ERROR - Ignoring exception in on_message
Traceback (most recent call last):
  File "H:\Github Repositories\pokebot\venv\Lib\site-packages\discord\client.py", line 504, in _run_event
    await coro(*args, **kwargs)
  File "H:\Github Repositories\pokebot\cogs\spawn.py", line 38, in on_message
    await self._spawn_pokemon(spawn_channel, message.guild.id)
                              ^^^^^^^^^^^^^
NameError: name 'spawn_channel' is not defined
2025-08-31 11:38:07,607 - discord.client - ERROR - Ignoring exception in on_message
Traceback (most recent call last):
  File "H:\Github Repositories\pokebot\venv\Lib\site-packages\discord\client.py", line 504, in _run_event
    await coro(*args, **kwargs)
  File "H:\Github Repositories\pokebot\cogs\spawn.py", line 38, in on_message
    await self._spawn_pokemon(spawn_channel, message.guild.id)
                              ^^^^^^^^^^^^^
NameError: name 'spawn_channel' is not defined
2025-08-31 11:38:08,463 - discord.client - ERROR - Ignoring exception in on_message
Traceback (most recent call last):
  File "H:\Github Repositories\pokebot\venv\Lib\site-packages\discord\client.py", line 504, in _run_event
    await coro(*args, **kwargs)
  File "H:\Github Repositories\pokebot\cogs\spawn.py", line 38, in on_message
    await self._spawn_pokemon(spawn_channel, message.guild.id)
                              ^^^^^^^^^^^^^
NameError: name 'spawn_channel' is not defined
2025-08-31 11:38:09,088 - discord.client - ERROR - Ignoring exception in on_message
Traceback (most recent call last):
  File "H:\Github Repositories\pokebot\venv\Lib\site-packages\discord\client.py", line 504, in _run_event
    await coro(*args, **kwargs)
  File "H:\Github Repositories\pokebot\cogs\spawn.py", line 38, in on_message
    await self._spawn_pokemon(spawn_channel, message.guild.id)
                              ^^^^^^^^^^^^^
NameError: name 'spawn_channel' is not defined
2025-08-31 11:38:10,735 - discord.client - ERROR - Ignoring exception in on_message
Traceback (most recent call last):
  File "H:\Github Repositories\pokebot\venv\Lib\site-packages\discord\client.py", line 504, in _run_event
    await coro(*args, **kwargs)
  File "H:\Github Repositories\pokebot\cogs\spawn.py", line 38, in on_message
    await self._spawn_pokemon(spawn_channel, message.guild.id)
                              ^^^^^^^^^^^^^
NameError: name 'spawn_channel' is not defined
2025-08-31 11:38:11,246 - discord.client - ERROR - Ignoring exception in on_message
Traceback (most recent call last):
  File "H:\Github Repositories\pokebot\venv\Lib\site-packages\discord\client.py", line 504, in _run_event
    await coro(*args, **kwargs)
  File "H:\Github Repositories\pokebot\cogs\spawn.py", line 38, in on_message
    await self._spawn_pokemon(spawn_channel, message.guild.id)
                              ^^^^^^^^^^^^^
NameError: name 'spawn_channel' is not defined
2025-08-31 11:38:11,758 - discord.client - ERROR - Ignoring exception in on_message
Traceback (most recent call last):
  File "H:\Github Repositories\pokebot\venv\Lib\site-packages\discord\client.py", line 504, in _run_event
    await coro(*args, **kwargs)
  File "H:\Github Repositories\pokebot\cogs\spawn.py", line 38, in on_message
    await self._spawn_pokemon(spawn_channel, message.guild.id)
                              ^^^^^^^^^^^^^
NameError: name 'spawn_channel' is not defined
2025-08-31 11:38:12,199 - discord.client - ERROR - Ignoring exception in on_message
Traceback (most recent call last):
  File "H:\Github Repositories\pokebot\venv\Lib\site-packages\discord\client.py", line 504, in _run_event
    await coro(*args, **kwargs)
  File "H:\Github Repositories\pokebot\cogs\spawn.py", line 38, in on_message
    await self._spawn_pokemon(spawn_channel, message.guild.id)
                              ^^^^^^^^^^^^^
NameError: name 'spawn_channel' is not defined
2025-08-31 11:38:12,690 - discord.client - ERROR - Ignoring exception in on_message
Traceback (most recent call last):
  File "H:\Github Repositories\pokebot\venv\Lib\site-packages\discord\client.py", line 504, in _run_event
    await coro(*args, **kwargs)
  File "H:\Github Repositories\pokebot\cogs\spawn.py", line 38, in on_message
    await self._spawn_pokemon(spawn_channel, message.guild.id)
                              ^^^^^^^^^^^^^
NameError: name 'spawn_channel' is not defined
2025-08-31 11:38:13,157 - discord.client - ERROR - Ignoring exception in on_message
Traceback (most recent call last):
  File "H:\Github Repositories\pokebot\venv\Lib\site-packages\discord\client.py", line 504, in _run_event
    await coro(*args, **kwargs)
  File "H:\Github Repositories\pokebot\cogs\spawn.py", line 38, in on_message
    await self._spawn_pokemon(spawn_channel, message.guild.id)
                              ^^^^^^^^^^^^^
NameError: name 'spawn_channel' is not defined
2025-08-31 11:38:13,744 - discord.client - ERROR - Ignoring exception in on_message
Traceback (most recent call last):
  File "H:\Github Repositories\pokebot\venv\Lib\site-packages\discord\client.py", line 504, in _run_event
    await coro(*args, **kwargs)
  File "H:\Github Repositories\pokebot\cogs\spawn.py", line 38, in on_message
    await self._spawn_pokemon(spawn_channel, message.guild.id)
                              ^^^^^^^^^^^^^
NameError: name 'spawn_channel' is not defined
2025-08-31 11:38:14,324 - discord.client - ERROR - Ignoring exception in on_message
Traceback (most recent call last):
  File "H:\Github Repositories\pokebot\venv\Lib\site-packages\discord\client.py", line 504, in _run_event
    await coro(*args, **kwargs)
  File "H:\Github Repositories\pokebot\cogs\spawn.py", line 38, in on_message
    await self._spawn_pokemon(spawn_channel, message.guild.id)
                              ^^^^^^^^^^^^^
NameError: name 'spawn_channel' is not defined
2025-08-31 11:38:14,780 - discord.client - ERROR - Ignoring exception in on_message
Traceback (most recent call last):
  File "H:\Github Repositories\pokebot\venv\Lib\site-packages\discord\client.py", line 504, in _run_event
    await coro(*args, **kwargs)
  File "H:\Github Repositories\pokebot\cogs\spawn.py", line 38, in on_message
    await self._spawn_pokemon(spawn_channel, message.guild.id)
                              ^^^^^^^^^^^^^
NameError: name 'spawn_channel' is not defined
2025-08-31 11:38:15,393 - discord.client - ERROR - Ignoring exception in on_message
Traceback (most recent call last):
  File "H:\Github Repositories\pokebot\venv\Lib\site-packages\discord\client.py", line 504, in _run_event
    await coro(*args, **kwargs)
  File "H:\Github Repositories\pokebot\cogs\spawn.py", line 38, in on_message
    await self._spawn_pokemon(spawn_channel, message.guild.id)
                              ^^^^^^^^^^^^^
NameError: name 'spawn_channel' is not defined
2025-08-31 11:38:15,883 - discord.client - ERROR - Ignoring exception in on_message
Traceback (most recent call last):
  File "H:\Github Repositories\pokebot\venv\Lib\site-packages\discord\client.py", line 504, in _run_event
    await coro(*args, **kwargs)
  File "H:\Github Repositories\pokebot\cogs\spawn.py", line 38, in on_message
    await self._spawn_pokemon(spawn_channel, message.guild.id)
                              ^^^^^^^^^^^^^
NameError: name 'spawn_channel' is not defined
2025-08-31 11:38:16,363 - discord.client - ERROR - Ignoring exception in on_message
Traceback (most recent call last):
  File "H:\Github Repositories\pokebot\venv\Lib\site-packages\discord\client.py", line 504, in _run_event
    await coro(*args, **kwargs)
  File "H:\Github Repositories\pokebot\cogs\spawn.py", line 38, in on_message
    await self._spawn_pokemon(spawn_channel, message.guild.id)
                              ^^^^^^^^^^^^^
NameError: name 'spawn_channel' is not defined
2025-08-31 11:38:16,811 - discord.client - ERROR - Ignoring exception in on_message
Traceback (most recent call last):
  File "H:\Github Repositories\pokebot\venv\Lib\site-packages\discord\client.py", line 504, in _run_event
    await coro(*args, **kwargs)
  File "H:\Github Repositories\pokebot\cogs\spawn.py", line 38, in on_message
    await self._spawn_pokemon(spawn_channel, message.guild.id)
                              ^^^^^^^^^^^^^
NameError: name 'spawn_channel' is not defined
2025-08-31 11:38:29,695 - discord.client - ERROR - Ignoring exception in on_message
Traceback (most recent call last):
  File "H:\Github Repositories\pokebot\venv\Lib\site-packages\discord\client.py", line 504, in _run_event
    await coro(*args, **kwargs)
  File "H:\Github Repositories\pokebot\cogs\spawn.py", line 38, in on_message
    await self._spawn_pokemon(spawn_channel, message.guild.id)
                              ^^^^^^^^^^^^^
NameError: name 'spawn_channel' is not defined
2025-08-31 11:38:33,806 - discord.client - ERROR - Ignoring exception in on_message
Traceback (most recent call last):
  File "H:\Github Repositories\pokebot\venv\Lib\site-packages\discord\client.py", line 504, in _run_event
    await coro(*args, **kwargs)
  File "H:\Github Repositories\pokebot\cogs\spawn.py", line 38, in on_message
    await self._spawn_pokemon(spawn_channel, message.guild.id)
                              ^^^^^^^^^^^^^
NameError: name 'spawn_channel' is not defined
2025-08-31 11:38:41,991 - discord.client - ERROR - Ignoring exception in on_message
Traceback (most recent call last):
  File "H:\Github Repositories\pokebot\venv\Lib\site-packages\discord\client.py", line 504, in _run_event
    await coro(*args, **kwargs)
  File "H:\Github Repositories\pokebot\cogs\spawn.py", line 38, in on_message
    await self._spawn_pokemon(spawn_channel, message.guild.id)
                              ^^^^^^^^^^^^^
NameError: name 'spawn_channel' is not defined
2025-08-31 11:38:42,936 - discord.client - ERROR - Ignoring exception in on_message
Traceback (most recent call last):
  File "H:\Github Repositories\pokebot\venv\Lib\site-packages\discord\client.py", line 504, in _run_event
    await coro(*args, **kwargs)
  File "H:\Github Repositories\pokebot\cogs\spawn.py", line 38, in on_message
    await self._spawn_pokemon(spawn_channel, message.guild.id)
                              ^^^^^^^^^^^^^
NameError: name 'spawn_channel' is not defined
2025-08-31 11:41:13,695 - discord.client - ERROR - Ignoring exception in on_message
Traceback (most recent call last):
  File "H:\Github Repositories\pokebot\venv\Lib\site-packages\discord\client.py", line 504, in _run_event
    await coro(*args, **kwargs)
  File "H:\Github Repositories\pokebot\cogs\spawn.py", line 38, in on_message
    await self._spawn_pokemon(spawn_channel, message.guild.id)
                              ^^^^^^^^^^^^^
NameError: name 'spawn_channel' is not defined
2025-08-31 11:42:19,209 - discord.client - ERROR - Ignoring exception in on_message
Traceback (most recent call last):
  File "H:\Github Repositories\pokebot\venv\Lib\site-packages\discord\client.py", line 504, in _run_event
    await coro(*args, **kwargs)
  File "H:\Github Repositories\pokebot\cogs\spawn.py", line 38, in on_message
    await self._spawn_pokemon(spawn_channel, message.guild.id)
                              ^^^^^^^^^^^^^
NameError: name 'spawn_channel' is not defined
2025-08-31 11:42:21,421 - discord.client - ERROR - Ignoring exception in on_message
Traceback (most recent call last):
  File "H:\Github Repositories\pokebot\venv\Lib\site-packages\discord\client.py", line 504, in _run_event
    await coro(*args, **kwargs)
  File "H:\Github Repositories\pokebot\cogs\spawn.py", line 38, in on_message
    await self._spawn_pokemon(spawn_channel, message.guild.id)
                              ^^^^^^^^^^^^^
NameError: name 'spawn_channel' is not defined
2025-08-31 11:42:31,542 - discord.client - ERROR - Ignoring exception in on_message
Traceback (most recent call last):
  File "H:\Github Repositories\pokebot\venv\Lib\site-packages\discord\client.py", line 504, in _run_event
    await coro(*args, **kwargs)
  File "H:\Github Repositories\pokebot\cogs\spawn.py", line 38, in on_message
    await self._spawn_pokemon(spawn_channel, message.guild.id)
                              ^^^^^^^^^^^^^
NameError: name 'spawn_channel' is not defined
2025-08-31 11:44:29,184 - discord.client - WARNING - PyNaCl is not installed, voice will NOT be supported
2025-08-31 11:44:29,186 - discord.client - INFO - logging in using static token
2025-08-31 11:44:31,551 - discord.gateway - INFO - Shard ID None has connected to Gateway (Session ID: 74f32613d2df114d9fc73bfb6ab5f33c).
2025-08-31 11:44:48,207 - discord.app_commands.tree - ERROR - Ignoring exception in command 'setspawn'
Traceback (most recent call last):
  File "H:\Github Repositories\pokebot\venv\Lib\site-packages\discord\app_commands\commands.py", line 858, in _do_call
    return await self._callback(self.binding, interaction, **params)  # type: ignore
           ^^^^^^^^^^^^^^^^^^^^^^^^^^^^^^^^^^^^^^^^^^^^^^^^^^^^^^^^^
  File "H:\Github Repositories\pokebot\cogs\spawn.py", line 336, in setspawn
    await self.bot.db.execute(
  File "H:\Github Repositories\pokebot\utils\database.py", line 14, in execute
    return await conn.execute(query, *args)
           ^^^^^^^^^^^^^^^^^^^^^^^^^^^^^^^^
  File "H:\Github Repositories\pokebot\venv\Lib\site-packages\asyncpg\connection.py", line 352, in execute
    _, status, _ = await self._execute(
                   ^^^^^^^^^^^^^^^^^^^^
  File "H:\Github Repositories\pokebot\venv\Lib\site-packages\asyncpg\connection.py", line 1864, in _execute
    result, _ = await self.__execute(
                ^^^^^^^^^^^^^^^^^^^^^
  File "H:\Github Repositories\pokebot\venv\Lib\site-packages\asyncpg\connection.py", line 1961, in __execute
    result, stmt = await self._do_execute(
                   ^^^^^^^^^^^^^^^^^^^^^^^
  File "H:\Github Repositories\pokebot\venv\Lib\site-packages\asyncpg\connection.py", line 2004, in _do_execute
    stmt = await self._get_statement(
           ^^^^^^^^^^^^^^^^^^^^^^^^^^
  File "H:\Github Repositories\pokebot\venv\Lib\site-packages\asyncpg\connection.py", line 432, in _get_statement
    statement = await self._protocol.prepare(
                ^^^^^^^^^^^^^^^^^^^^^^^^^^^^^
  File "asyncpg\\protocol\\protocol.pyx", line 165, in prepare
asyncpg.exceptions.UndefinedColumnError: column "description" of relation "server_config" does not exist

The above exception was the direct cause of the following exception:

Traceback (most recent call last):
  File "H:\Github Repositories\pokebot\venv\Lib\site-packages\discord\app_commands\tree.py", line 1297, in _call
    await command._invoke_with_namespace(interaction, namespace)
  File "H:\Github Repositories\pokebot\venv\Lib\site-packages\discord\app_commands\commands.py", line 884, in _invoke_with_namespace
    return await self._do_call(interaction, transformed_values)
           ^^^^^^^^^^^^^^^^^^^^^^^^^^^^^^^^^^^^^^^^^^^^^^^^^^^^
  File "H:\Github Repositories\pokebot\venv\Lib\site-packages\discord\app_commands\commands.py", line 877, in _do_call
    raise CommandInvokeError(self, e) from e
discord.app_commands.errors.CommandInvokeError: Command 'setspawn' raised an exception: UndefinedColumnError: column "description" of relation "server_config" does not exist
2025-08-31 11:45:42,625 - discord.client - WARNING - PyNaCl is not installed, voice will NOT be supported
2025-08-31 11:45:42,626 - discord.client - INFO - logging in using static token
2025-08-31 11:45:44,616 - discord.gateway - INFO - Shard ID None has connected to Gateway (Session ID: e8a7e3332a1eea16ee5c3d4965fb24af).
2025-08-31 11:46:05,668 - discord.client - ERROR - Ignoring exception in on_message
Traceback (most recent call last):
  File "H:\Github Repositories\pokebot\venv\Lib\site-packages\discord\client.py", line 504, in _run_event
    await coro(*args, **kwargs)
  File "H:\Github Repositories\pokebot\cogs\spawn.py", line 38, in on_message
    await self._spawn_pokemon(spawn_channel, message.guild.id)
                              ^^^^^^^^^^^^^
NameError: name 'spawn_channel' is not defined
2025-08-31 11:46:55,962 - discord.client - WARNING - PyNaCl is not installed, voice will NOT be supported
2025-08-31 11:46:55,963 - discord.client - INFO - logging in using static token
2025-08-31 11:46:58,064 - discord.gateway - INFO - Shard ID None has connected to Gateway (Session ID: d3f6bcc66fff505cbb7cdd7e158984d5).
2025-08-31 12:04:11,787 - discord.app_commands.tree - ERROR - Ignoring exception in command 'pokebox'
Traceback (most recent call last):
  File "H:\Github Repositories\pokebot\venv\Lib\site-packages\discord\app_commands\commands.py", line 858, in _do_call
    return await self._callback(self.binding, interaction, **params)  # type: ignore
           ^^^^^^^^^^^^^^^^^^^^^^^^^^^^^^^^^^^^^^^^^^^^^^^^^^^^^^^^^
  File "H:\Github Repositories\pokebot\cogs\pokemon.py", line 49, in pokebox
    await interaction.response.send_message(embed=embed, view=view)
  File "H:\Github Repositories\pokebot\venv\Lib\site-packages\discord\interactions.py", line 1060, in send_message
    if view is not MISSING and not view.is_finished():
                                   ^^^^^^^^^^^^^^^^
AttributeError: 'NoneType' object has no attribute 'is_finished'

The above exception was the direct cause of the following exception:

Traceback (most recent call last):
  File "H:\Github Repositories\pokebot\venv\Lib\site-packages\discord\app_commands\tree.py", line 1297, in _call
    await command._invoke_with_namespace(interaction, namespace)
  File "H:\Github Repositories\pokebot\venv\Lib\site-packages\discord\app_commands\commands.py", line 884, in _invoke_with_namespace
    return await self._do_call(interaction, transformed_values)
           ^^^^^^^^^^^^^^^^^^^^^^^^^^^^^^^^^^^^^^^^^^^^^^^^^^^^
  File "H:\Github Repositories\pokebot\venv\Lib\site-packages\discord\app_commands\commands.py", line 877, in _do_call
    raise CommandInvokeError(self, e) from e
discord.app_commands.errors.CommandInvokeError: Command 'pokebox' raised an exception: AttributeError: 'NoneType' object has no attribute 'is_finished'
2025-08-31 12:23:40,057 - discord.ui.view - ERROR - Ignoring exception in view <BattleMoveView timeout=180 children=5> for item <Button style=<ButtonStyle.secondary: 2> url=None disabled=False label='Psybeam' emoji=None row=None sku_id=None id=None>
Traceback (most recent call last):
  File "H:\Github Repositories\pokebot\venv\Lib\site-packages\discord\ui\view.py", line 555, in _scheduled_task
    await item.callback(interaction)
  File "H:\Github Repositories\pokebot\cogs\battle.py", line 939, in callback
    result = await battle_cog.use_move(self.battle_data, self.user_id, move_name)
             ^^^^^^^^^^^^^^^^^^^^^^^^^^^^^^^^^^^^^^^^^^^^^^^^^^^^^^^^^^^^^^^^^^^^
  File "H:\Github Repositories\pokebot\cogs\battle.py", line 258, in use_move
    attacker_data['pokemon']['last_move_used'] = move_name
    ~~~~~~~~~~~~~~~~~~~~~~~~^^^^^^^^^^^^^^^^^^
TypeError: 'asyncpg.Record' object does not support item assignment
2025-08-31 12:26:27,620 - discord.client - WARNING - PyNaCl is not installed, voice will NOT be supported
2025-08-31 12:26:27,621 - discord.client - INFO - logging in using static token
2025-08-31 12:26:30,170 - discord.gateway - INFO - Shard ID None has connected to Gateway (Session ID: 2f4c380d670843dc27c20294bbde65cc).
2025-08-31 12:30:48,327 - discord.client - WARNING - PyNaCl is not installed, voice will NOT be supported
2025-08-31 12:30:48,328 - discord.client - INFO - logging in using static token
2025-08-31 12:30:50,366 - discord.gateway - INFO - Shard ID None has connected to Gateway (Session ID: 363a2a6dba4e713e9ce855acbd2f0068).
2025-08-31 14:43:55,842 - discord.client - WARNING - PyNaCl is not installed, voice will NOT be supported
2025-08-31 14:43:55,843 - discord.client - INFO - logging in using static token
2025-08-31 14:43:57,872 - discord.gateway - INFO - Shard ID None has connected to Gateway (Session ID: b9c61df122e5b846a958fe5cb2bd0191).
2025-08-31 14:50:49,797 - discord.client - WARNING - PyNaCl is not installed, voice will NOT be supported
2025-08-31 14:50:49,798 - discord.client - INFO - logging in using static token
2025-08-31 14:50:51,906 - discord.gateway - INFO - Shard ID None has connected to Gateway (Session ID: d9155559e1eb6e214ef864e9dbf505a6).
2025-08-31 14:54:24,720 - discord.client - WARNING - PyNaCl is not installed, voice will NOT be supported
2025-08-31 14:54:24,721 - discord.client - INFO - logging in using static token
2025-08-31 14:54:27,150 - discord.gateway - INFO - Shard ID None has connected to Gateway (Session ID: 6c45a16cc20b12e935d59aed83f8ef4a).
2025-08-31 14:57:13,736 - discord.client - WARNING - PyNaCl is not installed, voice will NOT be supported
2025-08-31 14:57:13,738 - discord.client - INFO - logging in using static token
2025-08-31 14:57:15,912 - discord.gateway - INFO - Shard ID None has connected to Gateway (Session ID: 7e0d14afa47f7c4ff53ba763a9e81326).
2025-08-31 14:59:26,808 - discord.client - WARNING - PyNaCl is not installed, voice will NOT be supported
2025-08-31 14:59:26,809 - discord.client - INFO - logging in using static token
2025-08-31 14:59:28,883 - discord.gateway - INFO - Shard ID None has connected to Gateway (Session ID: a97719d54cf4754b0458c426ef6698d1).
2025-08-31 15:09:59,261 - discord.client - WARNING - PyNaCl is not installed, voice will NOT be supported
2025-08-31 15:09:59,262 - discord.client - INFO - logging in using static token
2025-08-31 15:10:01,474 - discord.gateway - INFO - Shard ID None has connected to Gateway (Session ID: 67b65aa36bcaead4c3eeeaaef567b05e).
2025-08-31 15:11:49,017 - discord.client - WARNING - PyNaCl is not installed, voice will NOT be supported
2025-08-31 15:11:49,018 - discord.client - INFO - logging in using static token
2025-08-31 15:11:51,030 - discord.gateway - INFO - Shard ID None has connected to Gateway (Session ID: d59689ca19256c242f8ca79dd8d405e8).
2025-08-31 15:13:10,721 - discord.client - WARNING - PyNaCl is not installed, voice will NOT be supported
2025-08-31 15:13:10,722 - discord.client - INFO - logging in using static token
2025-08-31 15:13:12,649 - discord.gateway - INFO - Shard ID None has connected to Gateway (Session ID: cdfce9fa31d92b0339da1fafa6f791cd).
2025-08-31 15:23:50,120 - discord.client - ERROR - Attempting a reconnect in 0.53s
Traceback (most recent call last):
  File "H:\Github Repositories\pokebot\venv\Lib\site-packages\aiohttp\connector.py", line 1532, in _create_direct_connection
    hosts = await self._resolve_host(host, port, traces=traces)
            ^^^^^^^^^^^^^^^^^^^^^^^^^^^^^^^^^^^^^^^^^^^^^^^^^^^
  File "H:\Github Repositories\pokebot\venv\Lib\site-packages\aiohttp\connector.py", line 1148, in _resolve_host
    return await asyncio.shield(resolved_host_task)
           ^^^^^^^^^^^^^^^^^^^^^^^^^^^^^^^^^^^^^^^^
  File "H:\Github Repositories\pokebot\venv\Lib\site-packages\aiohttp\connector.py", line 1179, in _resolve_host_with_throttle
    addrs = await self._resolver.resolve(host, port, family=self._family)
            ^^^^^^^^^^^^^^^^^^^^^^^^^^^^^^^^^^^^^^^^^^^^^^^^^^^^^^^^^^^^^
  File "H:\Github Repositories\pokebot\venv\Lib\site-packages\aiohttp\resolver.py", line 40, in resolve
    infos = await self._loop.getaddrinfo(
            ^^^^^^^^^^^^^^^^^^^^^^^^^^^^^
  File "C:\Users\slato\AppData\Local\Programs\Python\Python311\Lib\asyncio\base_events.py", line 868, in getaddrinfo
    return await self.run_in_executor(
           ^^^^^^^^^^^^^^^^^^^^^^^^^^^
  File "C:\Users\slato\AppData\Local\Programs\Python\Python311\Lib\concurrent\futures\thread.py", line 58, in run
    result = self.fn(*self.args, **self.kwargs)
             ^^^^^^^^^^^^^^^^^^^^^^^^^^^^^^^^^^
  File "C:\Users\slato\AppData\Local\Programs\Python\Python311\Lib\socket.py", line 962, in getaddrinfo
    for res in _socket.getaddrinfo(host, port, family, type, proto, flags):
               ^^^^^^^^^^^^^^^^^^^^^^^^^^^^^^^^^^^^^^^^^^^^^^^^^^^^^^^^^^^
socket.gaierror: [Errno 11004] getaddrinfo failed

The above exception was the direct cause of the following exception:

Traceback (most recent call last):
  File "H:\Github Repositories\pokebot\venv\Lib\site-packages\discord\client.py", line 724, in connect
    self.ws = await asyncio.wait_for(coro, timeout=60.0)
              ^^^^^^^^^^^^^^^^^^^^^^^^^^^^^^^^^^^^^^^^^^
  File "C:\Users\slato\AppData\Local\Programs\Python\Python311\Lib\asyncio\tasks.py", line 489, in wait_for
    return fut.result()
           ^^^^^^^^^^^^
  File "H:\Github Repositories\pokebot\venv\Lib\site-packages\discord\gateway.py", line 383, in from_client
    socket = await client.http.ws_connect(str(url))
             ^^^^^^^^^^^^^^^^^^^^^^^^^^^^^^^^^^^^^^
  File "H:\Github Repositories\pokebot\venv\Lib\site-packages\discord\http.py", line 566, in ws_connect
    return await self.__session.ws_connect(url, **kwargs)
           ^^^^^^^^^^^^^^^^^^^^^^^^^^^^^^^^^^^^^^^^^^^^^^
  File "H:\Github Repositories\pokebot\venv\Lib\site-packages\aiohttp\client.py", line 1067, in _ws_connect
    resp = await self.request(
           ^^^^^^^^^^^^^^^^^^^
  File "H:\Github Repositories\pokebot\venv\Lib\site-packages\aiohttp\client.py", line 770, in _request
    resp = await handler(req)
           ^^^^^^^^^^^^^^^^^^
  File "H:\Github Repositories\pokebot\venv\Lib\site-packages\aiohttp\client.py", line 725, in _connect_and_send_request
    conn = await self._connector.connect(
           ^^^^^^^^^^^^^^^^^^^^^^^^^^^^^^
  File "H:\Github Repositories\pokebot\venv\Lib\site-packages\aiohttp\connector.py", line 642, in connect
    proto = await self._create_connection(req, traces, timeout)
            ^^^^^^^^^^^^^^^^^^^^^^^^^^^^^^^^^^^^^^^^^^^^^^^^^^^
  File "H:\Github Repositories\pokebot\venv\Lib\site-packages\aiohttp\connector.py", line 1209, in _create_connection
    _, proto = await self._create_direct_connection(req, traces, timeout)
               ^^^^^^^^^^^^^^^^^^^^^^^^^^^^^^^^^^^^^^^^^^^^^^^^^^^^^^^^^^
  File "H:\Github Repositories\pokebot\venv\Lib\site-packages\aiohttp\connector.py", line 1538, in _create_direct_connection
    raise ClientConnectorDNSError(req.connection_key, exc) from exc
aiohttp.client_exceptions.ClientConnectorDNSError: Cannot connect to host gateway-us-east1-b.discord.gg:443 ssl:default [getaddrinfo failed]
2025-08-31 15:23:50,716 - discord.client - ERROR - Attempting a reconnect in 2.55s
Traceback (most recent call last):
  File "H:\Github Repositories\pokebot\venv\Lib\site-packages\aiohttp\connector.py", line 1532, in _create_direct_connection
    hosts = await self._resolve_host(host, port, traces=traces)
            ^^^^^^^^^^^^^^^^^^^^^^^^^^^^^^^^^^^^^^^^^^^^^^^^^^^
  File "H:\Github Repositories\pokebot\venv\Lib\site-packages\aiohttp\connector.py", line 1148, in _resolve_host
    return await asyncio.shield(resolved_host_task)
           ^^^^^^^^^^^^^^^^^^^^^^^^^^^^^^^^^^^^^^^^
  File "H:\Github Repositories\pokebot\venv\Lib\site-packages\aiohttp\connector.py", line 1179, in _resolve_host_with_throttle
    addrs = await self._resolver.resolve(host, port, family=self._family)
            ^^^^^^^^^^^^^^^^^^^^^^^^^^^^^^^^^^^^^^^^^^^^^^^^^^^^^^^^^^^^^
  File "H:\Github Repositories\pokebot\venv\Lib\site-packages\aiohttp\resolver.py", line 40, in resolve
    infos = await self._loop.getaddrinfo(
            ^^^^^^^^^^^^^^^^^^^^^^^^^^^^^
  File "C:\Users\slato\AppData\Local\Programs\Python\Python311\Lib\asyncio\base_events.py", line 868, in getaddrinfo
    return await self.run_in_executor(
           ^^^^^^^^^^^^^^^^^^^^^^^^^^^
  File "C:\Users\slato\AppData\Local\Programs\Python\Python311\Lib\concurrent\futures\thread.py", line 58, in run
    result = self.fn(*self.args, **self.kwargs)
             ^^^^^^^^^^^^^^^^^^^^^^^^^^^^^^^^^^
  File "C:\Users\slato\AppData\Local\Programs\Python\Python311\Lib\socket.py", line 962, in getaddrinfo
    for res in _socket.getaddrinfo(host, port, family, type, proto, flags):
               ^^^^^^^^^^^^^^^^^^^^^^^^^^^^^^^^^^^^^^^^^^^^^^^^^^^^^^^^^^^
socket.gaierror: [Errno 11004] getaddrinfo failed

The above exception was the direct cause of the following exception:

Traceback (most recent call last):
  File "H:\Github Repositories\pokebot\venv\Lib\site-packages\discord\client.py", line 724, in connect
    self.ws = await asyncio.wait_for(coro, timeout=60.0)
              ^^^^^^^^^^^^^^^^^^^^^^^^^^^^^^^^^^^^^^^^^^
  File "C:\Users\slato\AppData\Local\Programs\Python\Python311\Lib\asyncio\tasks.py", line 489, in wait_for
    return fut.result()
           ^^^^^^^^^^^^
  File "H:\Github Repositories\pokebot\venv\Lib\site-packages\discord\gateway.py", line 383, in from_client
    socket = await client.http.ws_connect(str(url))
             ^^^^^^^^^^^^^^^^^^^^^^^^^^^^^^^^^^^^^^
  File "H:\Github Repositories\pokebot\venv\Lib\site-packages\discord\http.py", line 566, in ws_connect
    return await self.__session.ws_connect(url, **kwargs)
           ^^^^^^^^^^^^^^^^^^^^^^^^^^^^^^^^^^^^^^^^^^^^^^
  File "H:\Github Repositories\pokebot\venv\Lib\site-packages\aiohttp\client.py", line 1067, in _ws_connect
    resp = await self.request(
           ^^^^^^^^^^^^^^^^^^^
  File "H:\Github Repositories\pokebot\venv\Lib\site-packages\aiohttp\client.py", line 770, in _request
    resp = await handler(req)
           ^^^^^^^^^^^^^^^^^^
  File "H:\Github Repositories\pokebot\venv\Lib\site-packages\aiohttp\client.py", line 725, in _connect_and_send_request
    conn = await self._connector.connect(
           ^^^^^^^^^^^^^^^^^^^^^^^^^^^^^^
  File "H:\Github Repositories\pokebot\venv\Lib\site-packages\aiohttp\connector.py", line 642, in connect
    proto = await self._create_connection(req, traces, timeout)
            ^^^^^^^^^^^^^^^^^^^^^^^^^^^^^^^^^^^^^^^^^^^^^^^^^^^
  File "H:\Github Repositories\pokebot\venv\Lib\site-packages\aiohttp\connector.py", line 1209, in _create_connection
    _, proto = await self._create_direct_connection(req, traces, timeout)
               ^^^^^^^^^^^^^^^^^^^^^^^^^^^^^^^^^^^^^^^^^^^^^^^^^^^^^^^^^^
  File "H:\Github Repositories\pokebot\venv\Lib\site-packages\aiohttp\connector.py", line 1538, in _create_direct_connection
    raise ClientConnectorDNSError(req.connection_key, exc) from exc
aiohttp.client_exceptions.ClientConnectorDNSError: Cannot connect to host gateway-us-east1-b.discord.gg:443 ssl:default [getaddrinfo failed]
2025-08-31 15:23:53,293 - discord.client - ERROR - Attempting a reconnect in 7.28s
Traceback (most recent call last):
  File "H:\Github Repositories\pokebot\venv\Lib\site-packages\aiohttp\connector.py", line 1532, in _create_direct_connection
    hosts = await self._resolve_host(host, port, traces=traces)
            ^^^^^^^^^^^^^^^^^^^^^^^^^^^^^^^^^^^^^^^^^^^^^^^^^^^
  File "H:\Github Repositories\pokebot\venv\Lib\site-packages\aiohttp\connector.py", line 1148, in _resolve_host
    return await asyncio.shield(resolved_host_task)
           ^^^^^^^^^^^^^^^^^^^^^^^^^^^^^^^^^^^^^^^^
  File "H:\Github Repositories\pokebot\venv\Lib\site-packages\aiohttp\connector.py", line 1179, in _resolve_host_with_throttle
    addrs = await self._resolver.resolve(host, port, family=self._family)
            ^^^^^^^^^^^^^^^^^^^^^^^^^^^^^^^^^^^^^^^^^^^^^^^^^^^^^^^^^^^^^
  File "H:\Github Repositories\pokebot\venv\Lib\site-packages\aiohttp\resolver.py", line 40, in resolve
    infos = await self._loop.getaddrinfo(
            ^^^^^^^^^^^^^^^^^^^^^^^^^^^^^
  File "C:\Users\slato\AppData\Local\Programs\Python\Python311\Lib\asyncio\base_events.py", line 868, in getaddrinfo
    return await self.run_in_executor(
           ^^^^^^^^^^^^^^^^^^^^^^^^^^^
  File "C:\Users\slato\AppData\Local\Programs\Python\Python311\Lib\concurrent\futures\thread.py", line 58, in run
    result = self.fn(*self.args, **self.kwargs)
             ^^^^^^^^^^^^^^^^^^^^^^^^^^^^^^^^^^
  File "C:\Users\slato\AppData\Local\Programs\Python\Python311\Lib\socket.py", line 962, in getaddrinfo
    for res in _socket.getaddrinfo(host, port, family, type, proto, flags):
               ^^^^^^^^^^^^^^^^^^^^^^^^^^^^^^^^^^^^^^^^^^^^^^^^^^^^^^^^^^^
socket.gaierror: [Errno 11004] getaddrinfo failed

The above exception was the direct cause of the following exception:

Traceback (most recent call last):
  File "H:\Github Repositories\pokebot\venv\Lib\site-packages\discord\client.py", line 724, in connect
    self.ws = await asyncio.wait_for(coro, timeout=60.0)
              ^^^^^^^^^^^^^^^^^^^^^^^^^^^^^^^^^^^^^^^^^^
  File "C:\Users\slato\AppData\Local\Programs\Python\Python311\Lib\asyncio\tasks.py", line 489, in wait_for
    return fut.result()
           ^^^^^^^^^^^^
  File "H:\Github Repositories\pokebot\venv\Lib\site-packages\discord\gateway.py", line 383, in from_client
    socket = await client.http.ws_connect(str(url))
             ^^^^^^^^^^^^^^^^^^^^^^^^^^^^^^^^^^^^^^
  File "H:\Github Repositories\pokebot\venv\Lib\site-packages\discord\http.py", line 566, in ws_connect
    return await self.__session.ws_connect(url, **kwargs)
           ^^^^^^^^^^^^^^^^^^^^^^^^^^^^^^^^^^^^^^^^^^^^^^
  File "H:\Github Repositories\pokebot\venv\Lib\site-packages\aiohttp\client.py", line 1067, in _ws_connect
    resp = await self.request(
           ^^^^^^^^^^^^^^^^^^^
  File "H:\Github Repositories\pokebot\venv\Lib\site-packages\aiohttp\client.py", line 770, in _request
    resp = await handler(req)
           ^^^^^^^^^^^^^^^^^^
  File "H:\Github Repositories\pokebot\venv\Lib\site-packages\aiohttp\client.py", line 725, in _connect_and_send_request
    conn = await self._connector.connect(
           ^^^^^^^^^^^^^^^^^^^^^^^^^^^^^^
  File "H:\Github Repositories\pokebot\venv\Lib\site-packages\aiohttp\connector.py", line 642, in connect
    proto = await self._create_connection(req, traces, timeout)
            ^^^^^^^^^^^^^^^^^^^^^^^^^^^^^^^^^^^^^^^^^^^^^^^^^^^
  File "H:\Github Repositories\pokebot\venv\Lib\site-packages\aiohttp\connector.py", line 1209, in _create_connection
    _, proto = await self._create_direct_connection(req, traces, timeout)
               ^^^^^^^^^^^^^^^^^^^^^^^^^^^^^^^^^^^^^^^^^^^^^^^^^^^^^^^^^^
  File "H:\Github Repositories\pokebot\venv\Lib\site-packages\aiohttp\connector.py", line 1538, in _create_direct_connection
    raise ClientConnectorDNSError(req.connection_key, exc) from exc
aiohttp.client_exceptions.ClientConnectorDNSError: Cannot connect to host gateway-us-east1-b.discord.gg:443 ssl:default [getaddrinfo failed]
2025-08-31 15:24:00,594 - discord.client - ERROR - Attempting a reconnect in 14.63s
Traceback (most recent call last):
  File "H:\Github Repositories\pokebot\venv\Lib\site-packages\aiohttp\connector.py", line 1532, in _create_direct_connection
    hosts = await self._resolve_host(host, port, traces=traces)
            ^^^^^^^^^^^^^^^^^^^^^^^^^^^^^^^^^^^^^^^^^^^^^^^^^^^
  File "H:\Github Repositories\pokebot\venv\Lib\site-packages\aiohttp\connector.py", line 1148, in _resolve_host
    return await asyncio.shield(resolved_host_task)
           ^^^^^^^^^^^^^^^^^^^^^^^^^^^^^^^^^^^^^^^^
  File "H:\Github Repositories\pokebot\venv\Lib\site-packages\aiohttp\connector.py", line 1179, in _resolve_host_with_throttle
    addrs = await self._resolver.resolve(host, port, family=self._family)
            ^^^^^^^^^^^^^^^^^^^^^^^^^^^^^^^^^^^^^^^^^^^^^^^^^^^^^^^^^^^^^
  File "H:\Github Repositories\pokebot\venv\Lib\site-packages\aiohttp\resolver.py", line 40, in resolve
    infos = await self._loop.getaddrinfo(
            ^^^^^^^^^^^^^^^^^^^^^^^^^^^^^
  File "C:\Users\slato\AppData\Local\Programs\Python\Python311\Lib\asyncio\base_events.py", line 868, in getaddrinfo
    return await self.run_in_executor(
           ^^^^^^^^^^^^^^^^^^^^^^^^^^^
  File "C:\Users\slato\AppData\Local\Programs\Python\Python311\Lib\concurrent\futures\thread.py", line 58, in run
    result = self.fn(*self.args, **self.kwargs)
             ^^^^^^^^^^^^^^^^^^^^^^^^^^^^^^^^^^
  File "C:\Users\slato\AppData\Local\Programs\Python\Python311\Lib\socket.py", line 962, in getaddrinfo
    for res in _socket.getaddrinfo(host, port, family, type, proto, flags):
               ^^^^^^^^^^^^^^^^^^^^^^^^^^^^^^^^^^^^^^^^^^^^^^^^^^^^^^^^^^^
socket.gaierror: [Errno 11004] getaddrinfo failed

The above exception was the direct cause of the following exception:

Traceback (most recent call last):
  File "H:\Github Repositories\pokebot\venv\Lib\site-packages\discord\client.py", line 724, in connect
    self.ws = await asyncio.wait_for(coro, timeout=60.0)
              ^^^^^^^^^^^^^^^^^^^^^^^^^^^^^^^^^^^^^^^^^^
  File "C:\Users\slato\AppData\Local\Programs\Python\Python311\Lib\asyncio\tasks.py", line 489, in wait_for
    return fut.result()
           ^^^^^^^^^^^^
  File "H:\Github Repositories\pokebot\venv\Lib\site-packages\discord\gateway.py", line 383, in from_client
    socket = await client.http.ws_connect(str(url))
             ^^^^^^^^^^^^^^^^^^^^^^^^^^^^^^^^^^^^^^
  File "H:\Github Repositories\pokebot\venv\Lib\site-packages\discord\http.py", line 566, in ws_connect
    return await self.__session.ws_connect(url, **kwargs)
           ^^^^^^^^^^^^^^^^^^^^^^^^^^^^^^^^^^^^^^^^^^^^^^
  File "H:\Github Repositories\pokebot\venv\Lib\site-packages\aiohttp\client.py", line 1067, in _ws_connect
    resp = await self.request(
           ^^^^^^^^^^^^^^^^^^^
  File "H:\Github Repositories\pokebot\venv\Lib\site-packages\aiohttp\client.py", line 770, in _request
    resp = await handler(req)
           ^^^^^^^^^^^^^^^^^^
  File "H:\Github Repositories\pokebot\venv\Lib\site-packages\aiohttp\client.py", line 725, in _connect_and_send_request
    conn = await self._connector.connect(
           ^^^^^^^^^^^^^^^^^^^^^^^^^^^^^^
  File "H:\Github Repositories\pokebot\venv\Lib\site-packages\aiohttp\connector.py", line 642, in connect
    proto = await self._create_connection(req, traces, timeout)
            ^^^^^^^^^^^^^^^^^^^^^^^^^^^^^^^^^^^^^^^^^^^^^^^^^^^
  File "H:\Github Repositories\pokebot\venv\Lib\site-packages\aiohttp\connector.py", line 1209, in _create_connection
    _, proto = await self._create_direct_connection(req, traces, timeout)
               ^^^^^^^^^^^^^^^^^^^^^^^^^^^^^^^^^^^^^^^^^^^^^^^^^^^^^^^^^^
  File "H:\Github Repositories\pokebot\venv\Lib\site-packages\aiohttp\connector.py", line 1538, in _create_direct_connection
    raise ClientConnectorDNSError(req.connection_key, exc) from exc
aiohttp.client_exceptions.ClientConnectorDNSError: Cannot connect to host gateway-us-east1-b.discord.gg:443 ssl:default [getaddrinfo failed]
2025-08-31 15:24:15,245 - discord.client - ERROR - Attempting a reconnect in 8.34s
Traceback (most recent call last):
  File "H:\Github Repositories\pokebot\venv\Lib\site-packages\aiohttp\connector.py", line 1532, in _create_direct_connection
    hosts = await self._resolve_host(host, port, traces=traces)
            ^^^^^^^^^^^^^^^^^^^^^^^^^^^^^^^^^^^^^^^^^^^^^^^^^^^
  File "H:\Github Repositories\pokebot\venv\Lib\site-packages\aiohttp\connector.py", line 1148, in _resolve_host
    return await asyncio.shield(resolved_host_task)
           ^^^^^^^^^^^^^^^^^^^^^^^^^^^^^^^^^^^^^^^^
  File "H:\Github Repositories\pokebot\venv\Lib\site-packages\aiohttp\connector.py", line 1179, in _resolve_host_with_throttle
    addrs = await self._resolver.resolve(host, port, family=self._family)
            ^^^^^^^^^^^^^^^^^^^^^^^^^^^^^^^^^^^^^^^^^^^^^^^^^^^^^^^^^^^^^
  File "H:\Github Repositories\pokebot\venv\Lib\site-packages\aiohttp\resolver.py", line 40, in resolve
    infos = await self._loop.getaddrinfo(
            ^^^^^^^^^^^^^^^^^^^^^^^^^^^^^
  File "C:\Users\slato\AppData\Local\Programs\Python\Python311\Lib\asyncio\base_events.py", line 868, in getaddrinfo
    return await self.run_in_executor(
           ^^^^^^^^^^^^^^^^^^^^^^^^^^^
  File "C:\Users\slato\AppData\Local\Programs\Python\Python311\Lib\concurrent\futures\thread.py", line 58, in run
    result = self.fn(*self.args, **self.kwargs)
             ^^^^^^^^^^^^^^^^^^^^^^^^^^^^^^^^^^
  File "C:\Users\slato\AppData\Local\Programs\Python\Python311\Lib\socket.py", line 962, in getaddrinfo
    for res in _socket.getaddrinfo(host, port, family, type, proto, flags):
               ^^^^^^^^^^^^^^^^^^^^^^^^^^^^^^^^^^^^^^^^^^^^^^^^^^^^^^^^^^^
socket.gaierror: [Errno 11004] getaddrinfo failed

The above exception was the direct cause of the following exception:

Traceback (most recent call last):
  File "H:\Github Repositories\pokebot\venv\Lib\site-packages\discord\client.py", line 724, in connect
    self.ws = await asyncio.wait_for(coro, timeout=60.0)
              ^^^^^^^^^^^^^^^^^^^^^^^^^^^^^^^^^^^^^^^^^^
  File "C:\Users\slato\AppData\Local\Programs\Python\Python311\Lib\asyncio\tasks.py", line 489, in wait_for
    return fut.result()
           ^^^^^^^^^^^^
  File "H:\Github Repositories\pokebot\venv\Lib\site-packages\discord\gateway.py", line 383, in from_client
    socket = await client.http.ws_connect(str(url))
             ^^^^^^^^^^^^^^^^^^^^^^^^^^^^^^^^^^^^^^
  File "H:\Github Repositories\pokebot\venv\Lib\site-packages\discord\http.py", line 566, in ws_connect
    return await self.__session.ws_connect(url, **kwargs)
           ^^^^^^^^^^^^^^^^^^^^^^^^^^^^^^^^^^^^^^^^^^^^^^
  File "H:\Github Repositories\pokebot\venv\Lib\site-packages\aiohttp\client.py", line 1067, in _ws_connect
    resp = await self.request(
           ^^^^^^^^^^^^^^^^^^^
  File "H:\Github Repositories\pokebot\venv\Lib\site-packages\aiohttp\client.py", line 770, in _request
    resp = await handler(req)
           ^^^^^^^^^^^^^^^^^^
  File "H:\Github Repositories\pokebot\venv\Lib\site-packages\aiohttp\client.py", line 725, in _connect_and_send_request
    conn = await self._connector.connect(
           ^^^^^^^^^^^^^^^^^^^^^^^^^^^^^^
  File "H:\Github Repositories\pokebot\venv\Lib\site-packages\aiohttp\connector.py", line 642, in connect
    proto = await self._create_connection(req, traces, timeout)
            ^^^^^^^^^^^^^^^^^^^^^^^^^^^^^^^^^^^^^^^^^^^^^^^^^^^
  File "H:\Github Repositories\pokebot\venv\Lib\site-packages\aiohttp\connector.py", line 1209, in _create_connection
    _, proto = await self._create_direct_connection(req, traces, timeout)
               ^^^^^^^^^^^^^^^^^^^^^^^^^^^^^^^^^^^^^^^^^^^^^^^^^^^^^^^^^^
  File "H:\Github Repositories\pokebot\venv\Lib\site-packages\aiohttp\connector.py", line 1538, in _create_direct_connection
    raise ClientConnectorDNSError(req.connection_key, exc) from exc
aiohttp.client_exceptions.ClientConnectorDNSError: Cannot connect to host gateway-us-east1-b.discord.gg:443 ssl:default [getaddrinfo failed]
2025-08-31 15:24:23,609 - discord.client - ERROR - Attempting a reconnect in 12.78s
Traceback (most recent call last):
  File "H:\Github Repositories\pokebot\venv\Lib\site-packages\aiohttp\connector.py", line 1532, in _create_direct_connection
    hosts = await self._resolve_host(host, port, traces=traces)
            ^^^^^^^^^^^^^^^^^^^^^^^^^^^^^^^^^^^^^^^^^^^^^^^^^^^
  File "H:\Github Repositories\pokebot\venv\Lib\site-packages\aiohttp\connector.py", line 1148, in _resolve_host
    return await asyncio.shield(resolved_host_task)
           ^^^^^^^^^^^^^^^^^^^^^^^^^^^^^^^^^^^^^^^^
  File "H:\Github Repositories\pokebot\venv\Lib\site-packages\aiohttp\connector.py", line 1179, in _resolve_host_with_throttle
    addrs = await self._resolver.resolve(host, port, family=self._family)
            ^^^^^^^^^^^^^^^^^^^^^^^^^^^^^^^^^^^^^^^^^^^^^^^^^^^^^^^^^^^^^
  File "H:\Github Repositories\pokebot\venv\Lib\site-packages\aiohttp\resolver.py", line 40, in resolve
    infos = await self._loop.getaddrinfo(
            ^^^^^^^^^^^^^^^^^^^^^^^^^^^^^
  File "C:\Users\slato\AppData\Local\Programs\Python\Python311\Lib\asyncio\base_events.py", line 868, in getaddrinfo
    return await self.run_in_executor(
           ^^^^^^^^^^^^^^^^^^^^^^^^^^^
  File "C:\Users\slato\AppData\Local\Programs\Python\Python311\Lib\concurrent\futures\thread.py", line 58, in run
    result = self.fn(*self.args, **self.kwargs)
             ^^^^^^^^^^^^^^^^^^^^^^^^^^^^^^^^^^
  File "C:\Users\slato\AppData\Local\Programs\Python\Python311\Lib\socket.py", line 962, in getaddrinfo
    for res in _socket.getaddrinfo(host, port, family, type, proto, flags):
               ^^^^^^^^^^^^^^^^^^^^^^^^^^^^^^^^^^^^^^^^^^^^^^^^^^^^^^^^^^^
socket.gaierror: [Errno 11004] getaddrinfo failed

The above exception was the direct cause of the following exception:

Traceback (most recent call last):
  File "H:\Github Repositories\pokebot\venv\Lib\site-packages\discord\client.py", line 724, in connect
    self.ws = await asyncio.wait_for(coro, timeout=60.0)
              ^^^^^^^^^^^^^^^^^^^^^^^^^^^^^^^^^^^^^^^^^^
  File "C:\Users\slato\AppData\Local\Programs\Python\Python311\Lib\asyncio\tasks.py", line 489, in wait_for
    return fut.result()
           ^^^^^^^^^^^^
  File "H:\Github Repositories\pokebot\venv\Lib\site-packages\discord\gateway.py", line 383, in from_client
    socket = await client.http.ws_connect(str(url))
             ^^^^^^^^^^^^^^^^^^^^^^^^^^^^^^^^^^^^^^
  File "H:\Github Repositories\pokebot\venv\Lib\site-packages\discord\http.py", line 566, in ws_connect
    return await self.__session.ws_connect(url, **kwargs)
           ^^^^^^^^^^^^^^^^^^^^^^^^^^^^^^^^^^^^^^^^^^^^^^
  File "H:\Github Repositories\pokebot\venv\Lib\site-packages\aiohttp\client.py", line 1067, in _ws_connect
    resp = await self.request(
           ^^^^^^^^^^^^^^^^^^^
  File "H:\Github Repositories\pokebot\venv\Lib\site-packages\aiohttp\client.py", line 770, in _request
    resp = await handler(req)
           ^^^^^^^^^^^^^^^^^^
  File "H:\Github Repositories\pokebot\venv\Lib\site-packages\aiohttp\client.py", line 725, in _connect_and_send_request
    conn = await self._connector.connect(
           ^^^^^^^^^^^^^^^^^^^^^^^^^^^^^^
  File "H:\Github Repositories\pokebot\venv\Lib\site-packages\aiohttp\connector.py", line 642, in connect
    proto = await self._create_connection(req, traces, timeout)
            ^^^^^^^^^^^^^^^^^^^^^^^^^^^^^^^^^^^^^^^^^^^^^^^^^^^
  File "H:\Github Repositories\pokebot\venv\Lib\site-packages\aiohttp\connector.py", line 1209, in _create_connection
    _, proto = await self._create_direct_connection(req, traces, timeout)
               ^^^^^^^^^^^^^^^^^^^^^^^^^^^^^^^^^^^^^^^^^^^^^^^^^^^^^^^^^^
  File "H:\Github Repositories\pokebot\venv\Lib\site-packages\aiohttp\connector.py", line 1538, in _create_direct_connection
    raise ClientConnectorDNSError(req.connection_key, exc) from exc
aiohttp.client_exceptions.ClientConnectorDNSError: Cannot connect to host gateway-us-east1-b.discord.gg:443 ssl:default [getaddrinfo failed]
2025-08-31 15:24:36,403 - discord.client - ERROR - Attempting a reconnect in 23.99s
Traceback (most recent call last):
  File "H:\Github Repositories\pokebot\venv\Lib\site-packages\aiohttp\connector.py", line 1532, in _create_direct_connection
    hosts = await self._resolve_host(host, port, traces=traces)
            ^^^^^^^^^^^^^^^^^^^^^^^^^^^^^^^^^^^^^^^^^^^^^^^^^^^
  File "H:\Github Repositories\pokebot\venv\Lib\site-packages\aiohttp\connector.py", line 1148, in _resolve_host
    return await asyncio.shield(resolved_host_task)
           ^^^^^^^^^^^^^^^^^^^^^^^^^^^^^^^^^^^^^^^^
  File "H:\Github Repositories\pokebot\venv\Lib\site-packages\aiohttp\connector.py", line 1179, in _resolve_host_with_throttle
    addrs = await self._resolver.resolve(host, port, family=self._family)
            ^^^^^^^^^^^^^^^^^^^^^^^^^^^^^^^^^^^^^^^^^^^^^^^^^^^^^^^^^^^^^
  File "H:\Github Repositories\pokebot\venv\Lib\site-packages\aiohttp\resolver.py", line 40, in resolve
    infos = await self._loop.getaddrinfo(
            ^^^^^^^^^^^^^^^^^^^^^^^^^^^^^
  File "C:\Users\slato\AppData\Local\Programs\Python\Python311\Lib\asyncio\base_events.py", line 868, in getaddrinfo
    return await self.run_in_executor(
           ^^^^^^^^^^^^^^^^^^^^^^^^^^^
  File "C:\Users\slato\AppData\Local\Programs\Python\Python311\Lib\concurrent\futures\thread.py", line 58, in run
    result = self.fn(*self.args, **self.kwargs)
             ^^^^^^^^^^^^^^^^^^^^^^^^^^^^^^^^^^
  File "C:\Users\slato\AppData\Local\Programs\Python\Python311\Lib\socket.py", line 962, in getaddrinfo
    for res in _socket.getaddrinfo(host, port, family, type, proto, flags):
               ^^^^^^^^^^^^^^^^^^^^^^^^^^^^^^^^^^^^^^^^^^^^^^^^^^^^^^^^^^^
socket.gaierror: [Errno 11004] getaddrinfo failed

The above exception was the direct cause of the following exception:

Traceback (most recent call last):
  File "H:\Github Repositories\pokebot\venv\Lib\site-packages\discord\client.py", line 724, in connect
    self.ws = await asyncio.wait_for(coro, timeout=60.0)
              ^^^^^^^^^^^^^^^^^^^^^^^^^^^^^^^^^^^^^^^^^^
  File "C:\Users\slato\AppData\Local\Programs\Python\Python311\Lib\asyncio\tasks.py", line 489, in wait_for
    return fut.result()
           ^^^^^^^^^^^^
  File "H:\Github Repositories\pokebot\venv\Lib\site-packages\discord\gateway.py", line 383, in from_client
    socket = await client.http.ws_connect(str(url))
             ^^^^^^^^^^^^^^^^^^^^^^^^^^^^^^^^^^^^^^
  File "H:\Github Repositories\pokebot\venv\Lib\site-packages\discord\http.py", line 566, in ws_connect
    return await self.__session.ws_connect(url, **kwargs)
           ^^^^^^^^^^^^^^^^^^^^^^^^^^^^^^^^^^^^^^^^^^^^^^
  File "H:\Github Repositories\pokebot\venv\Lib\site-packages\aiohttp\client.py", line 1067, in _ws_connect
    resp = await self.request(
           ^^^^^^^^^^^^^^^^^^^
  File "H:\Github Repositories\pokebot\venv\Lib\site-packages\aiohttp\client.py", line 770, in _request
    resp = await handler(req)
           ^^^^^^^^^^^^^^^^^^
  File "H:\Github Repositories\pokebot\venv\Lib\site-packages\aiohttp\client.py", line 725, in _connect_and_send_request
    conn = await self._connector.connect(
           ^^^^^^^^^^^^^^^^^^^^^^^^^^^^^^
  File "H:\Github Repositories\pokebot\venv\Lib\site-packages\aiohttp\connector.py", line 642, in connect
    proto = await self._create_connection(req, traces, timeout)
            ^^^^^^^^^^^^^^^^^^^^^^^^^^^^^^^^^^^^^^^^^^^^^^^^^^^
  File "H:\Github Repositories\pokebot\venv\Lib\site-packages\aiohttp\connector.py", line 1209, in _create_connection
    _, proto = await self._create_direct_connection(req, traces, timeout)
               ^^^^^^^^^^^^^^^^^^^^^^^^^^^^^^^^^^^^^^^^^^^^^^^^^^^^^^^^^^
  File "H:\Github Repositories\pokebot\venv\Lib\site-packages\aiohttp\connector.py", line 1538, in _create_direct_connection
    raise ClientConnectorDNSError(req.connection_key, exc) from exc
aiohttp.client_exceptions.ClientConnectorDNSError: Cannot connect to host gateway-us-east1-b.discord.gg:443 ssl:default [getaddrinfo failed]
2025-08-31 15:25:00,417 - discord.client - ERROR - Attempting a reconnect in 239.92s
Traceback (most recent call last):
  File "H:\Github Repositories\pokebot\venv\Lib\site-packages\aiohttp\connector.py", line 1532, in _create_direct_connection
    hosts = await self._resolve_host(host, port, traces=traces)
            ^^^^^^^^^^^^^^^^^^^^^^^^^^^^^^^^^^^^^^^^^^^^^^^^^^^
  File "H:\Github Repositories\pokebot\venv\Lib\site-packages\aiohttp\connector.py", line 1148, in _resolve_host
    return await asyncio.shield(resolved_host_task)
           ^^^^^^^^^^^^^^^^^^^^^^^^^^^^^^^^^^^^^^^^
  File "H:\Github Repositories\pokebot\venv\Lib\site-packages\aiohttp\connector.py", line 1179, in _resolve_host_with_throttle
    addrs = await self._resolver.resolve(host, port, family=self._family)
            ^^^^^^^^^^^^^^^^^^^^^^^^^^^^^^^^^^^^^^^^^^^^^^^^^^^^^^^^^^^^^
  File "H:\Github Repositories\pokebot\venv\Lib\site-packages\aiohttp\resolver.py", line 40, in resolve
    infos = await self._loop.getaddrinfo(
            ^^^^^^^^^^^^^^^^^^^^^^^^^^^^^
  File "C:\Users\slato\AppData\Local\Programs\Python\Python311\Lib\asyncio\base_events.py", line 868, in getaddrinfo
    return await self.run_in_executor(
           ^^^^^^^^^^^^^^^^^^^^^^^^^^^
  File "C:\Users\slato\AppData\Local\Programs\Python\Python311\Lib\concurrent\futures\thread.py", line 58, in run
    result = self.fn(*self.args, **self.kwargs)
             ^^^^^^^^^^^^^^^^^^^^^^^^^^^^^^^^^^
  File "C:\Users\slato\AppData\Local\Programs\Python\Python311\Lib\socket.py", line 962, in getaddrinfo
    for res in _socket.getaddrinfo(host, port, family, type, proto, flags):
               ^^^^^^^^^^^^^^^^^^^^^^^^^^^^^^^^^^^^^^^^^^^^^^^^^^^^^^^^^^^
socket.gaierror: [Errno 11004] getaddrinfo failed

The above exception was the direct cause of the following exception:

Traceback (most recent call last):
  File "H:\Github Repositories\pokebot\venv\Lib\site-packages\discord\client.py", line 724, in connect
    self.ws = await asyncio.wait_for(coro, timeout=60.0)
              ^^^^^^^^^^^^^^^^^^^^^^^^^^^^^^^^^^^^^^^^^^
  File "C:\Users\slato\AppData\Local\Programs\Python\Python311\Lib\asyncio\tasks.py", line 489, in wait_for
    return fut.result()
           ^^^^^^^^^^^^
  File "H:\Github Repositories\pokebot\venv\Lib\site-packages\discord\gateway.py", line 383, in from_client
    socket = await client.http.ws_connect(str(url))
             ^^^^^^^^^^^^^^^^^^^^^^^^^^^^^^^^^^^^^^
  File "H:\Github Repositories\pokebot\venv\Lib\site-packages\discord\http.py", line 566, in ws_connect
    return await self.__session.ws_connect(url, **kwargs)
           ^^^^^^^^^^^^^^^^^^^^^^^^^^^^^^^^^^^^^^^^^^^^^^
  File "H:\Github Repositories\pokebot\venv\Lib\site-packages\aiohttp\client.py", line 1067, in _ws_connect
    resp = await self.request(
           ^^^^^^^^^^^^^^^^^^^
  File "H:\Github Repositories\pokebot\venv\Lib\site-packages\aiohttp\client.py", line 770, in _request
    resp = await handler(req)
           ^^^^^^^^^^^^^^^^^^
  File "H:\Github Repositories\pokebot\venv\Lib\site-packages\aiohttp\client.py", line 725, in _connect_and_send_request
    conn = await self._connector.connect(
           ^^^^^^^^^^^^^^^^^^^^^^^^^^^^^^
  File "H:\Github Repositories\pokebot\venv\Lib\site-packages\aiohttp\connector.py", line 642, in connect
    proto = await self._create_connection(req, traces, timeout)
            ^^^^^^^^^^^^^^^^^^^^^^^^^^^^^^^^^^^^^^^^^^^^^^^^^^^
  File "H:\Github Repositories\pokebot\venv\Lib\site-packages\aiohttp\connector.py", line 1209, in _create_connection
    _, proto = await self._create_direct_connection(req, traces, timeout)
               ^^^^^^^^^^^^^^^^^^^^^^^^^^^^^^^^^^^^^^^^^^^^^^^^^^^^^^^^^^
  File "H:\Github Repositories\pokebot\venv\Lib\site-packages\aiohttp\connector.py", line 1538, in _create_direct_connection
    raise ClientConnectorDNSError(req.connection_key, exc) from exc
aiohttp.client_exceptions.ClientConnectorDNSError: Cannot connect to host gateway-us-east1-b.discord.gg:443 ssl:default [getaddrinfo failed]
2025-08-31 15:26:47,219 - discord.client - WARNING - PyNaCl is not installed, voice will NOT be supported
2025-08-31 15:26:47,221 - discord.client - INFO - logging in using static token
2025-08-31 15:26:49,216 - discord.gateway - INFO - Shard ID None has connected to Gateway (Session ID: 8811830e4268b79c36849987f9647533).
2025-08-31 15:30:34,155 - discord.client - ERROR - Attempting a reconnect in 1.97s
Traceback (most recent call last):
  File "H:\Github Repositories\pokebot\venv\Lib\site-packages\aiohttp\connector.py", line 1532, in _create_direct_connection
    hosts = await self._resolve_host(host, port, traces=traces)
            ^^^^^^^^^^^^^^^^^^^^^^^^^^^^^^^^^^^^^^^^^^^^^^^^^^^
  File "H:\Github Repositories\pokebot\venv\Lib\site-packages\aiohttp\connector.py", line 1148, in _resolve_host
    return await asyncio.shield(resolved_host_task)
           ^^^^^^^^^^^^^^^^^^^^^^^^^^^^^^^^^^^^^^^^
  File "H:\Github Repositories\pokebot\venv\Lib\site-packages\aiohttp\connector.py", line 1179, in _resolve_host_with_throttle
    addrs = await self._resolver.resolve(host, port, family=self._family)
            ^^^^^^^^^^^^^^^^^^^^^^^^^^^^^^^^^^^^^^^^^^^^^^^^^^^^^^^^^^^^^
  File "H:\Github Repositories\pokebot\venv\Lib\site-packages\aiohttp\resolver.py", line 40, in resolve
    infos = await self._loop.getaddrinfo(
            ^^^^^^^^^^^^^^^^^^^^^^^^^^^^^
  File "C:\Users\slato\AppData\Local\Programs\Python\Python311\Lib\asyncio\base_events.py", line 868, in getaddrinfo
    return await self.run_in_executor(
           ^^^^^^^^^^^^^^^^^^^^^^^^^^^
  File "C:\Users\slato\AppData\Local\Programs\Python\Python311\Lib\concurrent\futures\thread.py", line 58, in run
    result = self.fn(*self.args, **self.kwargs)
             ^^^^^^^^^^^^^^^^^^^^^^^^^^^^^^^^^^
  File "C:\Users\slato\AppData\Local\Programs\Python\Python311\Lib\socket.py", line 962, in getaddrinfo
    for res in _socket.getaddrinfo(host, port, family, type, proto, flags):
               ^^^^^^^^^^^^^^^^^^^^^^^^^^^^^^^^^^^^^^^^^^^^^^^^^^^^^^^^^^^
socket.gaierror: [Errno 11004] getaddrinfo failed

The above exception was the direct cause of the following exception:

Traceback (most recent call last):
  File "H:\Github Repositories\pokebot\venv\Lib\site-packages\discord\client.py", line 724, in connect
    self.ws = await asyncio.wait_for(coro, timeout=60.0)
              ^^^^^^^^^^^^^^^^^^^^^^^^^^^^^^^^^^^^^^^^^^
  File "C:\Users\slato\AppData\Local\Programs\Python\Python311\Lib\asyncio\tasks.py", line 489, in wait_for
    return fut.result()
           ^^^^^^^^^^^^
  File "H:\Github Repositories\pokebot\venv\Lib\site-packages\discord\gateway.py", line 383, in from_client
    socket = await client.http.ws_connect(str(url))
             ^^^^^^^^^^^^^^^^^^^^^^^^^^^^^^^^^^^^^^
  File "H:\Github Repositories\pokebot\venv\Lib\site-packages\discord\http.py", line 566, in ws_connect
    return await self.__session.ws_connect(url, **kwargs)
           ^^^^^^^^^^^^^^^^^^^^^^^^^^^^^^^^^^^^^^^^^^^^^^
  File "H:\Github Repositories\pokebot\venv\Lib\site-packages\aiohttp\client.py", line 1067, in _ws_connect
    resp = await self.request(
           ^^^^^^^^^^^^^^^^^^^
  File "H:\Github Repositories\pokebot\venv\Lib\site-packages\aiohttp\client.py", line 770, in _request
    resp = await handler(req)
           ^^^^^^^^^^^^^^^^^^
  File "H:\Github Repositories\pokebot\venv\Lib\site-packages\aiohttp\client.py", line 725, in _connect_and_send_request
    conn = await self._connector.connect(
           ^^^^^^^^^^^^^^^^^^^^^^^^^^^^^^
  File "H:\Github Repositories\pokebot\venv\Lib\site-packages\aiohttp\connector.py", line 642, in connect
    proto = await self._create_connection(req, traces, timeout)
            ^^^^^^^^^^^^^^^^^^^^^^^^^^^^^^^^^^^^^^^^^^^^^^^^^^^
  File "H:\Github Repositories\pokebot\venv\Lib\site-packages\aiohttp\connector.py", line 1209, in _create_connection
    _, proto = await self._create_direct_connection(req, traces, timeout)
               ^^^^^^^^^^^^^^^^^^^^^^^^^^^^^^^^^^^^^^^^^^^^^^^^^^^^^^^^^^
  File "H:\Github Repositories\pokebot\venv\Lib\site-packages\aiohttp\connector.py", line 1538, in _create_direct_connection
    raise ClientConnectorDNSError(req.connection_key, exc) from exc
aiohttp.client_exceptions.ClientConnectorDNSError: Cannot connect to host gateway-us-east1-d.discord.gg:443 ssl:default [getaddrinfo failed]
2025-08-31 15:30:36,146 - discord.client - ERROR - Attempting a reconnect in 0.91s
Traceback (most recent call last):
  File "H:\Github Repositories\pokebot\venv\Lib\site-packages\aiohttp\connector.py", line 1532, in _create_direct_connection
    hosts = await self._resolve_host(host, port, traces=traces)
            ^^^^^^^^^^^^^^^^^^^^^^^^^^^^^^^^^^^^^^^^^^^^^^^^^^^
  File "H:\Github Repositories\pokebot\venv\Lib\site-packages\aiohttp\connector.py", line 1148, in _resolve_host
    return await asyncio.shield(resolved_host_task)
           ^^^^^^^^^^^^^^^^^^^^^^^^^^^^^^^^^^^^^^^^
  File "H:\Github Repositories\pokebot\venv\Lib\site-packages\aiohttp\connector.py", line 1179, in _resolve_host_with_throttle
    addrs = await self._resolver.resolve(host, port, family=self._family)
            ^^^^^^^^^^^^^^^^^^^^^^^^^^^^^^^^^^^^^^^^^^^^^^^^^^^^^^^^^^^^^
  File "H:\Github Repositories\pokebot\venv\Lib\site-packages\aiohttp\resolver.py", line 40, in resolve
    infos = await self._loop.getaddrinfo(
            ^^^^^^^^^^^^^^^^^^^^^^^^^^^^^
  File "C:\Users\slato\AppData\Local\Programs\Python\Python311\Lib\asyncio\base_events.py", line 868, in getaddrinfo
    return await self.run_in_executor(
           ^^^^^^^^^^^^^^^^^^^^^^^^^^^
  File "C:\Users\slato\AppData\Local\Programs\Python\Python311\Lib\concurrent\futures\thread.py", line 58, in run
    result = self.fn(*self.args, **self.kwargs)
             ^^^^^^^^^^^^^^^^^^^^^^^^^^^^^^^^^^
  File "C:\Users\slato\AppData\Local\Programs\Python\Python311\Lib\socket.py", line 962, in getaddrinfo
    for res in _socket.getaddrinfo(host, port, family, type, proto, flags):
               ^^^^^^^^^^^^^^^^^^^^^^^^^^^^^^^^^^^^^^^^^^^^^^^^^^^^^^^^^^^
socket.gaierror: [Errno 11004] getaddrinfo failed

The above exception was the direct cause of the following exception:

Traceback (most recent call last):
  File "H:\Github Repositories\pokebot\venv\Lib\site-packages\discord\client.py", line 724, in connect
    self.ws = await asyncio.wait_for(coro, timeout=60.0)
              ^^^^^^^^^^^^^^^^^^^^^^^^^^^^^^^^^^^^^^^^^^
  File "C:\Users\slato\AppData\Local\Programs\Python\Python311\Lib\asyncio\tasks.py", line 489, in wait_for
    return fut.result()
           ^^^^^^^^^^^^
  File "H:\Github Repositories\pokebot\venv\Lib\site-packages\discord\gateway.py", line 383, in from_client
    socket = await client.http.ws_connect(str(url))
             ^^^^^^^^^^^^^^^^^^^^^^^^^^^^^^^^^^^^^^
  File "H:\Github Repositories\pokebot\venv\Lib\site-packages\discord\http.py", line 566, in ws_connect
    return await self.__session.ws_connect(url, **kwargs)
           ^^^^^^^^^^^^^^^^^^^^^^^^^^^^^^^^^^^^^^^^^^^^^^
  File "H:\Github Repositories\pokebot\venv\Lib\site-packages\aiohttp\client.py", line 1067, in _ws_connect
    resp = await self.request(
           ^^^^^^^^^^^^^^^^^^^
  File "H:\Github Repositories\pokebot\venv\Lib\site-packages\aiohttp\client.py", line 770, in _request
    resp = await handler(req)
           ^^^^^^^^^^^^^^^^^^
  File "H:\Github Repositories\pokebot\venv\Lib\site-packages\aiohttp\client.py", line 725, in _connect_and_send_request
    conn = await self._connector.connect(
           ^^^^^^^^^^^^^^^^^^^^^^^^^^^^^^
  File "H:\Github Repositories\pokebot\venv\Lib\site-packages\aiohttp\connector.py", line 642, in connect
    proto = await self._create_connection(req, traces, timeout)
            ^^^^^^^^^^^^^^^^^^^^^^^^^^^^^^^^^^^^^^^^^^^^^^^^^^^
  File "H:\Github Repositories\pokebot\venv\Lib\site-packages\aiohttp\connector.py", line 1209, in _create_connection
    _, proto = await self._create_direct_connection(req, traces, timeout)
               ^^^^^^^^^^^^^^^^^^^^^^^^^^^^^^^^^^^^^^^^^^^^^^^^^^^^^^^^^^
  File "H:\Github Repositories\pokebot\venv\Lib\site-packages\aiohttp\connector.py", line 1538, in _create_direct_connection
    raise ClientConnectorDNSError(req.connection_key, exc) from exc
aiohttp.client_exceptions.ClientConnectorDNSError: Cannot connect to host gateway-us-east1-d.discord.gg:443 ssl:default [getaddrinfo failed]
2025-08-31 15:30:37,080 - discord.client - ERROR - Attempting a reconnect in 6.89s
Traceback (most recent call last):
  File "H:\Github Repositories\pokebot\venv\Lib\site-packages\aiohttp\connector.py", line 1532, in _create_direct_connection
    hosts = await self._resolve_host(host, port, traces=traces)
            ^^^^^^^^^^^^^^^^^^^^^^^^^^^^^^^^^^^^^^^^^^^^^^^^^^^
  File "H:\Github Repositories\pokebot\venv\Lib\site-packages\aiohttp\connector.py", line 1148, in _resolve_host
    return await asyncio.shield(resolved_host_task)
           ^^^^^^^^^^^^^^^^^^^^^^^^^^^^^^^^^^^^^^^^
  File "H:\Github Repositories\pokebot\venv\Lib\site-packages\aiohttp\connector.py", line 1179, in _resolve_host_with_throttle
    addrs = await self._resolver.resolve(host, port, family=self._family)
            ^^^^^^^^^^^^^^^^^^^^^^^^^^^^^^^^^^^^^^^^^^^^^^^^^^^^^^^^^^^^^
  File "H:\Github Repositories\pokebot\venv\Lib\site-packages\aiohttp\resolver.py", line 40, in resolve
    infos = await self._loop.getaddrinfo(
            ^^^^^^^^^^^^^^^^^^^^^^^^^^^^^
  File "C:\Users\slato\AppData\Local\Programs\Python\Python311\Lib\asyncio\base_events.py", line 868, in getaddrinfo
    return await self.run_in_executor(
           ^^^^^^^^^^^^^^^^^^^^^^^^^^^
  File "C:\Users\slato\AppData\Local\Programs\Python\Python311\Lib\concurrent\futures\thread.py", line 58, in run
    result = self.fn(*self.args, **self.kwargs)
             ^^^^^^^^^^^^^^^^^^^^^^^^^^^^^^^^^^
  File "C:\Users\slato\AppData\Local\Programs\Python\Python311\Lib\socket.py", line 962, in getaddrinfo
    for res in _socket.getaddrinfo(host, port, family, type, proto, flags):
               ^^^^^^^^^^^^^^^^^^^^^^^^^^^^^^^^^^^^^^^^^^^^^^^^^^^^^^^^^^^
socket.gaierror: [Errno 11004] getaddrinfo failed

The above exception was the direct cause of the following exception:

Traceback (most recent call last):
  File "H:\Github Repositories\pokebot\venv\Lib\site-packages\discord\client.py", line 724, in connect
    self.ws = await asyncio.wait_for(coro, timeout=60.0)
              ^^^^^^^^^^^^^^^^^^^^^^^^^^^^^^^^^^^^^^^^^^
  File "C:\Users\slato\AppData\Local\Programs\Python\Python311\Lib\asyncio\tasks.py", line 489, in wait_for
    return fut.result()
           ^^^^^^^^^^^^
  File "H:\Github Repositories\pokebot\venv\Lib\site-packages\discord\gateway.py", line 383, in from_client
    socket = await client.http.ws_connect(str(url))
             ^^^^^^^^^^^^^^^^^^^^^^^^^^^^^^^^^^^^^^
  File "H:\Github Repositories\pokebot\venv\Lib\site-packages\discord\http.py", line 566, in ws_connect
    return await self.__session.ws_connect(url, **kwargs)
           ^^^^^^^^^^^^^^^^^^^^^^^^^^^^^^^^^^^^^^^^^^^^^^
  File "H:\Github Repositories\pokebot\venv\Lib\site-packages\aiohttp\client.py", line 1067, in _ws_connect
    resp = await self.request(
           ^^^^^^^^^^^^^^^^^^^
  File "H:\Github Repositories\pokebot\venv\Lib\site-packages\aiohttp\client.py", line 770, in _request
    resp = await handler(req)
           ^^^^^^^^^^^^^^^^^^
  File "H:\Github Repositories\pokebot\venv\Lib\site-packages\aiohttp\client.py", line 725, in _connect_and_send_request
    conn = await self._connector.connect(
           ^^^^^^^^^^^^^^^^^^^^^^^^^^^^^^
  File "H:\Github Repositories\pokebot\venv\Lib\site-packages\aiohttp\connector.py", line 642, in connect
    proto = await self._create_connection(req, traces, timeout)
            ^^^^^^^^^^^^^^^^^^^^^^^^^^^^^^^^^^^^^^^^^^^^^^^^^^^
  File "H:\Github Repositories\pokebot\venv\Lib\site-packages\aiohttp\connector.py", line 1209, in _create_connection
    _, proto = await self._create_direct_connection(req, traces, timeout)
               ^^^^^^^^^^^^^^^^^^^^^^^^^^^^^^^^^^^^^^^^^^^^^^^^^^^^^^^^^^
  File "H:\Github Repositories\pokebot\venv\Lib\site-packages\aiohttp\connector.py", line 1538, in _create_direct_connection
    raise ClientConnectorDNSError(req.connection_key, exc) from exc
aiohttp.client_exceptions.ClientConnectorDNSError: Cannot connect to host gateway-us-east1-d.discord.gg:443 ssl:default [getaddrinfo failed]
2025-08-31 15:30:43,992 - discord.client - ERROR - Attempting a reconnect in 6.64s
Traceback (most recent call last):
  File "H:\Github Repositories\pokebot\venv\Lib\site-packages\aiohttp\connector.py", line 1532, in _create_direct_connection
    hosts = await self._resolve_host(host, port, traces=traces)
            ^^^^^^^^^^^^^^^^^^^^^^^^^^^^^^^^^^^^^^^^^^^^^^^^^^^
  File "H:\Github Repositories\pokebot\venv\Lib\site-packages\aiohttp\connector.py", line 1148, in _resolve_host
    return await asyncio.shield(resolved_host_task)
           ^^^^^^^^^^^^^^^^^^^^^^^^^^^^^^^^^^^^^^^^
  File "H:\Github Repositories\pokebot\venv\Lib\site-packages\aiohttp\connector.py", line 1179, in _resolve_host_with_throttle
    addrs = await self._resolver.resolve(host, port, family=self._family)
            ^^^^^^^^^^^^^^^^^^^^^^^^^^^^^^^^^^^^^^^^^^^^^^^^^^^^^^^^^^^^^
  File "H:\Github Repositories\pokebot\venv\Lib\site-packages\aiohttp\resolver.py", line 40, in resolve
    infos = await self._loop.getaddrinfo(
            ^^^^^^^^^^^^^^^^^^^^^^^^^^^^^
  File "C:\Users\slato\AppData\Local\Programs\Python\Python311\Lib\asyncio\base_events.py", line 868, in getaddrinfo
    return await self.run_in_executor(
           ^^^^^^^^^^^^^^^^^^^^^^^^^^^
  File "C:\Users\slato\AppData\Local\Programs\Python\Python311\Lib\concurrent\futures\thread.py", line 58, in run
    result = self.fn(*self.args, **self.kwargs)
             ^^^^^^^^^^^^^^^^^^^^^^^^^^^^^^^^^^
  File "C:\Users\slato\AppData\Local\Programs\Python\Python311\Lib\socket.py", line 962, in getaddrinfo
    for res in _socket.getaddrinfo(host, port, family, type, proto, flags):
               ^^^^^^^^^^^^^^^^^^^^^^^^^^^^^^^^^^^^^^^^^^^^^^^^^^^^^^^^^^^
socket.gaierror: [Errno 11004] getaddrinfo failed

The above exception was the direct cause of the following exception:

Traceback (most recent call last):
  File "H:\Github Repositories\pokebot\venv\Lib\site-packages\discord\client.py", line 724, in connect
    self.ws = await asyncio.wait_for(coro, timeout=60.0)
              ^^^^^^^^^^^^^^^^^^^^^^^^^^^^^^^^^^^^^^^^^^
  File "C:\Users\slato\AppData\Local\Programs\Python\Python311\Lib\asyncio\tasks.py", line 489, in wait_for
    return fut.result()
           ^^^^^^^^^^^^
  File "H:\Github Repositories\pokebot\venv\Lib\site-packages\discord\gateway.py", line 383, in from_client
    socket = await client.http.ws_connect(str(url))
             ^^^^^^^^^^^^^^^^^^^^^^^^^^^^^^^^^^^^^^
  File "H:\Github Repositories\pokebot\venv\Lib\site-packages\discord\http.py", line 566, in ws_connect
    return await self.__session.ws_connect(url, **kwargs)
           ^^^^^^^^^^^^^^^^^^^^^^^^^^^^^^^^^^^^^^^^^^^^^^
  File "H:\Github Repositories\pokebot\venv\Lib\site-packages\aiohttp\client.py", line 1067, in _ws_connect
    resp = await self.request(
           ^^^^^^^^^^^^^^^^^^^
  File "H:\Github Repositories\pokebot\venv\Lib\site-packages\aiohttp\client.py", line 770, in _request
    resp = await handler(req)
           ^^^^^^^^^^^^^^^^^^
  File "H:\Github Repositories\pokebot\venv\Lib\site-packages\aiohttp\client.py", line 725, in _connect_and_send_request
    conn = await self._connector.connect(
           ^^^^^^^^^^^^^^^^^^^^^^^^^^^^^^
  File "H:\Github Repositories\pokebot\venv\Lib\site-packages\aiohttp\connector.py", line 642, in connect
    proto = await self._create_connection(req, traces, timeout)
            ^^^^^^^^^^^^^^^^^^^^^^^^^^^^^^^^^^^^^^^^^^^^^^^^^^^
  File "H:\Github Repositories\pokebot\venv\Lib\site-packages\aiohttp\connector.py", line 1209, in _create_connection
    _, proto = await self._create_direct_connection(req, traces, timeout)
               ^^^^^^^^^^^^^^^^^^^^^^^^^^^^^^^^^^^^^^^^^^^^^^^^^^^^^^^^^^
  File "H:\Github Repositories\pokebot\venv\Lib\site-packages\aiohttp\connector.py", line 1538, in _create_direct_connection
    raise ClientConnectorDNSError(req.connection_key, exc) from exc
aiohttp.client_exceptions.ClientConnectorDNSError: Cannot connect to host gateway-us-east1-d.discord.gg:443 ssl:default [getaddrinfo failed]
2025-08-31 15:30:50,645 - discord.client - ERROR - Attempting a reconnect in 27.09s
Traceback (most recent call last):
  File "H:\Github Repositories\pokebot\venv\Lib\site-packages\aiohttp\connector.py", line 1532, in _create_direct_connection
    hosts = await self._resolve_host(host, port, traces=traces)
            ^^^^^^^^^^^^^^^^^^^^^^^^^^^^^^^^^^^^^^^^^^^^^^^^^^^
  File "H:\Github Repositories\pokebot\venv\Lib\site-packages\aiohttp\connector.py", line 1148, in _resolve_host
    return await asyncio.shield(resolved_host_task)
           ^^^^^^^^^^^^^^^^^^^^^^^^^^^^^^^^^^^^^^^^
  File "H:\Github Repositories\pokebot\venv\Lib\site-packages\aiohttp\connector.py", line 1179, in _resolve_host_with_throttle
    addrs = await self._resolver.resolve(host, port, family=self._family)
            ^^^^^^^^^^^^^^^^^^^^^^^^^^^^^^^^^^^^^^^^^^^^^^^^^^^^^^^^^^^^^
  File "H:\Github Repositories\pokebot\venv\Lib\site-packages\aiohttp\resolver.py", line 40, in resolve
    infos = await self._loop.getaddrinfo(
            ^^^^^^^^^^^^^^^^^^^^^^^^^^^^^
  File "C:\Users\slato\AppData\Local\Programs\Python\Python311\Lib\asyncio\base_events.py", line 868, in getaddrinfo
    return await self.run_in_executor(
           ^^^^^^^^^^^^^^^^^^^^^^^^^^^
  File "C:\Users\slato\AppData\Local\Programs\Python\Python311\Lib\concurrent\futures\thread.py", line 58, in run
    result = self.fn(*self.args, **self.kwargs)
             ^^^^^^^^^^^^^^^^^^^^^^^^^^^^^^^^^^
  File "C:\Users\slato\AppData\Local\Programs\Python\Python311\Lib\socket.py", line 962, in getaddrinfo
    for res in _socket.getaddrinfo(host, port, family, type, proto, flags):
               ^^^^^^^^^^^^^^^^^^^^^^^^^^^^^^^^^^^^^^^^^^^^^^^^^^^^^^^^^^^
socket.gaierror: [Errno 11004] getaddrinfo failed

The above exception was the direct cause of the following exception:

Traceback (most recent call last):
  File "H:\Github Repositories\pokebot\venv\Lib\site-packages\discord\client.py", line 724, in connect
    self.ws = await asyncio.wait_for(coro, timeout=60.0)
              ^^^^^^^^^^^^^^^^^^^^^^^^^^^^^^^^^^^^^^^^^^
  File "C:\Users\slato\AppData\Local\Programs\Python\Python311\Lib\asyncio\tasks.py", line 489, in wait_for
    return fut.result()
           ^^^^^^^^^^^^
  File "H:\Github Repositories\pokebot\venv\Lib\site-packages\discord\gateway.py", line 383, in from_client
    socket = await client.http.ws_connect(str(url))
             ^^^^^^^^^^^^^^^^^^^^^^^^^^^^^^^^^^^^^^
  File "H:\Github Repositories\pokebot\venv\Lib\site-packages\discord\http.py", line 566, in ws_connect
    return await self.__session.ws_connect(url, **kwargs)
           ^^^^^^^^^^^^^^^^^^^^^^^^^^^^^^^^^^^^^^^^^^^^^^
  File "H:\Github Repositories\pokebot\venv\Lib\site-packages\aiohttp\client.py", line 1067, in _ws_connect
    resp = await self.request(
           ^^^^^^^^^^^^^^^^^^^
  File "H:\Github Repositories\pokebot\venv\Lib\site-packages\aiohttp\client.py", line 770, in _request
    resp = await handler(req)
           ^^^^^^^^^^^^^^^^^^
  File "H:\Github Repositories\pokebot\venv\Lib\site-packages\aiohttp\client.py", line 725, in _connect_and_send_request
    conn = await self._connector.connect(
           ^^^^^^^^^^^^^^^^^^^^^^^^^^^^^^
  File "H:\Github Repositories\pokebot\venv\Lib\site-packages\aiohttp\connector.py", line 642, in connect
    proto = await self._create_connection(req, traces, timeout)
            ^^^^^^^^^^^^^^^^^^^^^^^^^^^^^^^^^^^^^^^^^^^^^^^^^^^
  File "H:\Github Repositories\pokebot\venv\Lib\site-packages\aiohttp\connector.py", line 1209, in _create_connection
    _, proto = await self._create_direct_connection(req, traces, timeout)
               ^^^^^^^^^^^^^^^^^^^^^^^^^^^^^^^^^^^^^^^^^^^^^^^^^^^^^^^^^^
  File "H:\Github Repositories\pokebot\venv\Lib\site-packages\aiohttp\connector.py", line 1538, in _create_direct_connection
    raise ClientConnectorDNSError(req.connection_key, exc) from exc
aiohttp.client_exceptions.ClientConnectorDNSError: Cannot connect to host gateway-us-east1-d.discord.gg:443 ssl:default [getaddrinfo failed]
2025-08-31 15:31:17,740 - discord.client - ERROR - Attempting a reconnect in 5.96s
Traceback (most recent call last):
  File "H:\Github Repositories\pokebot\venv\Lib\site-packages\aiohttp\connector.py", line 1532, in _create_direct_connection
    hosts = await self._resolve_host(host, port, traces=traces)
            ^^^^^^^^^^^^^^^^^^^^^^^^^^^^^^^^^^^^^^^^^^^^^^^^^^^
  File "H:\Github Repositories\pokebot\venv\Lib\site-packages\aiohttp\connector.py", line 1148, in _resolve_host
    return await asyncio.shield(resolved_host_task)
           ^^^^^^^^^^^^^^^^^^^^^^^^^^^^^^^^^^^^^^^^
  File "H:\Github Repositories\pokebot\venv\Lib\site-packages\aiohttp\connector.py", line 1179, in _resolve_host_with_throttle
    addrs = await self._resolver.resolve(host, port, family=self._family)
            ^^^^^^^^^^^^^^^^^^^^^^^^^^^^^^^^^^^^^^^^^^^^^^^^^^^^^^^^^^^^^
  File "H:\Github Repositories\pokebot\venv\Lib\site-packages\aiohttp\resolver.py", line 40, in resolve
    infos = await self._loop.getaddrinfo(
            ^^^^^^^^^^^^^^^^^^^^^^^^^^^^^
  File "C:\Users\slato\AppData\Local\Programs\Python\Python311\Lib\asyncio\base_events.py", line 868, in getaddrinfo
    return await self.run_in_executor(
           ^^^^^^^^^^^^^^^^^^^^^^^^^^^
  File "C:\Users\slato\AppData\Local\Programs\Python\Python311\Lib\concurrent\futures\thread.py", line 58, in run
    result = self.fn(*self.args, **self.kwargs)
             ^^^^^^^^^^^^^^^^^^^^^^^^^^^^^^^^^^
  File "C:\Users\slato\AppData\Local\Programs\Python\Python311\Lib\socket.py", line 962, in getaddrinfo
    for res in _socket.getaddrinfo(host, port, family, type, proto, flags):
               ^^^^^^^^^^^^^^^^^^^^^^^^^^^^^^^^^^^^^^^^^^^^^^^^^^^^^^^^^^^
socket.gaierror: [Errno 11004] getaddrinfo failed

The above exception was the direct cause of the following exception:

Traceback (most recent call last):
  File "H:\Github Repositories\pokebot\venv\Lib\site-packages\discord\client.py", line 724, in connect
    self.ws = await asyncio.wait_for(coro, timeout=60.0)
              ^^^^^^^^^^^^^^^^^^^^^^^^^^^^^^^^^^^^^^^^^^
  File "C:\Users\slato\AppData\Local\Programs\Python\Python311\Lib\asyncio\tasks.py", line 489, in wait_for
    return fut.result()
           ^^^^^^^^^^^^
  File "H:\Github Repositories\pokebot\venv\Lib\site-packages\discord\gateway.py", line 383, in from_client
    socket = await client.http.ws_connect(str(url))
             ^^^^^^^^^^^^^^^^^^^^^^^^^^^^^^^^^^^^^^
  File "H:\Github Repositories\pokebot\venv\Lib\site-packages\discord\http.py", line 566, in ws_connect
    return await self.__session.ws_connect(url, **kwargs)
           ^^^^^^^^^^^^^^^^^^^^^^^^^^^^^^^^^^^^^^^^^^^^^^
  File "H:\Github Repositories\pokebot\venv\Lib\site-packages\aiohttp\client.py", line 1067, in _ws_connect
    resp = await self.request(
           ^^^^^^^^^^^^^^^^^^^
  File "H:\Github Repositories\pokebot\venv\Lib\site-packages\aiohttp\client.py", line 770, in _request
    resp = await handler(req)
           ^^^^^^^^^^^^^^^^^^
  File "H:\Github Repositories\pokebot\venv\Lib\site-packages\aiohttp\client.py", line 725, in _connect_and_send_request
    conn = await self._connector.connect(
           ^^^^^^^^^^^^^^^^^^^^^^^^^^^^^^
  File "H:\Github Repositories\pokebot\venv\Lib\site-packages\aiohttp\connector.py", line 642, in connect
    proto = await self._create_connection(req, traces, timeout)
            ^^^^^^^^^^^^^^^^^^^^^^^^^^^^^^^^^^^^^^^^^^^^^^^^^^^
  File "H:\Github Repositories\pokebot\venv\Lib\site-packages\aiohttp\connector.py", line 1209, in _create_connection
    _, proto = await self._create_direct_connection(req, traces, timeout)
               ^^^^^^^^^^^^^^^^^^^^^^^^^^^^^^^^^^^^^^^^^^^^^^^^^^^^^^^^^^
  File "H:\Github Repositories\pokebot\venv\Lib\site-packages\aiohttp\connector.py", line 1538, in _create_direct_connection
    raise ClientConnectorDNSError(req.connection_key, exc) from exc
aiohttp.client_exceptions.ClientConnectorDNSError: Cannot connect to host gateway-us-east1-d.discord.gg:443 ssl:default [getaddrinfo failed]
2025-08-31 15:31:23,715 - discord.client - ERROR - Attempting a reconnect in 105.77s
Traceback (most recent call last):
  File "H:\Github Repositories\pokebot\venv\Lib\site-packages\aiohttp\connector.py", line 1532, in _create_direct_connection
    hosts = await self._resolve_host(host, port, traces=traces)
            ^^^^^^^^^^^^^^^^^^^^^^^^^^^^^^^^^^^^^^^^^^^^^^^^^^^
  File "H:\Github Repositories\pokebot\venv\Lib\site-packages\aiohttp\connector.py", line 1148, in _resolve_host
    return await asyncio.shield(resolved_host_task)
           ^^^^^^^^^^^^^^^^^^^^^^^^^^^^^^^^^^^^^^^^
  File "H:\Github Repositories\pokebot\venv\Lib\site-packages\aiohttp\connector.py", line 1179, in _resolve_host_with_throttle
    addrs = await self._resolver.resolve(host, port, family=self._family)
            ^^^^^^^^^^^^^^^^^^^^^^^^^^^^^^^^^^^^^^^^^^^^^^^^^^^^^^^^^^^^^
  File "H:\Github Repositories\pokebot\venv\Lib\site-packages\aiohttp\resolver.py", line 40, in resolve
    infos = await self._loop.getaddrinfo(
            ^^^^^^^^^^^^^^^^^^^^^^^^^^^^^
  File "C:\Users\slato\AppData\Local\Programs\Python\Python311\Lib\asyncio\base_events.py", line 868, in getaddrinfo
    return await self.run_in_executor(
           ^^^^^^^^^^^^^^^^^^^^^^^^^^^
  File "C:\Users\slato\AppData\Local\Programs\Python\Python311\Lib\concurrent\futures\thread.py", line 58, in run
    result = self.fn(*self.args, **self.kwargs)
             ^^^^^^^^^^^^^^^^^^^^^^^^^^^^^^^^^^
  File "C:\Users\slato\AppData\Local\Programs\Python\Python311\Lib\socket.py", line 962, in getaddrinfo
    for res in _socket.getaddrinfo(host, port, family, type, proto, flags):
               ^^^^^^^^^^^^^^^^^^^^^^^^^^^^^^^^^^^^^^^^^^^^^^^^^^^^^^^^^^^
socket.gaierror: [Errno 11004] getaddrinfo failed

The above exception was the direct cause of the following exception:

Traceback (most recent call last):
  File "H:\Github Repositories\pokebot\venv\Lib\site-packages\discord\client.py", line 724, in connect
    self.ws = await asyncio.wait_for(coro, timeout=60.0)
              ^^^^^^^^^^^^^^^^^^^^^^^^^^^^^^^^^^^^^^^^^^
  File "C:\Users\slato\AppData\Local\Programs\Python\Python311\Lib\asyncio\tasks.py", line 489, in wait_for
    return fut.result()
           ^^^^^^^^^^^^
  File "H:\Github Repositories\pokebot\venv\Lib\site-packages\discord\gateway.py", line 383, in from_client
    socket = await client.http.ws_connect(str(url))
             ^^^^^^^^^^^^^^^^^^^^^^^^^^^^^^^^^^^^^^
  File "H:\Github Repositories\pokebot\venv\Lib\site-packages\discord\http.py", line 566, in ws_connect
    return await self.__session.ws_connect(url, **kwargs)
           ^^^^^^^^^^^^^^^^^^^^^^^^^^^^^^^^^^^^^^^^^^^^^^
  File "H:\Github Repositories\pokebot\venv\Lib\site-packages\aiohttp\client.py", line 1067, in _ws_connect
    resp = await self.request(
           ^^^^^^^^^^^^^^^^^^^
  File "H:\Github Repositories\pokebot\venv\Lib\site-packages\aiohttp\client.py", line 770, in _request
    resp = await handler(req)
           ^^^^^^^^^^^^^^^^^^
  File "H:\Github Repositories\pokebot\venv\Lib\site-packages\aiohttp\client.py", line 725, in _connect_and_send_request
    conn = await self._connector.connect(
           ^^^^^^^^^^^^^^^^^^^^^^^^^^^^^^
  File "H:\Github Repositories\pokebot\venv\Lib\site-packages\aiohttp\connector.py", line 642, in connect
    proto = await self._create_connection(req, traces, timeout)
            ^^^^^^^^^^^^^^^^^^^^^^^^^^^^^^^^^^^^^^^^^^^^^^^^^^^
  File "H:\Github Repositories\pokebot\venv\Lib\site-packages\aiohttp\connector.py", line 1209, in _create_connection
    _, proto = await self._create_direct_connection(req, traces, timeout)
               ^^^^^^^^^^^^^^^^^^^^^^^^^^^^^^^^^^^^^^^^^^^^^^^^^^^^^^^^^^
  File "H:\Github Repositories\pokebot\venv\Lib\site-packages\aiohttp\connector.py", line 1538, in _create_direct_connection
    raise ClientConnectorDNSError(req.connection_key, exc) from exc
aiohttp.client_exceptions.ClientConnectorDNSError: Cannot connect to host gateway-us-east1-d.discord.gg:443 ssl:default [getaddrinfo failed]
2025-08-31 15:32:27,694 - discord.client - WARNING - PyNaCl is not installed, voice will NOT be supported
2025-08-31 15:32:27,695 - discord.client - INFO - logging in using static token
2025-08-31 15:32:30,061 - discord.gateway - INFO - Shard ID None has connected to Gateway (Session ID: 1064d370a6de68137230edd618b7010b).
2025-08-31 16:06:01,228 - discord.gateway - INFO - Shard ID None has successfully RESUMED session 1064d370a6de68137230edd618b7010b.
2025-08-31 18:26:58,503 - discord.gateway - INFO - Shard ID None has successfully RESUMED session 1064d370a6de68137230edd618b7010b.
2025-08-31 18:44:55,704 - discord.gateway - INFO - Shard ID None has successfully RESUMED session 1064d370a6de68137230edd618b7010b.
2025-08-31 21:21:53,609 - discord.gateway - INFO - Shard ID None has successfully RESUMED session 1064d370a6de68137230edd618b7010b.
2025-08-31 23:28:54,861 - discord.gateway - INFO - Shard ID None has successfully RESUMED session 1064d370a6de68137230edd618b7010b.
2025-09-01 01:56:11,380 - discord.gateway - INFO - Shard ID None has successfully RESUMED session 1064d370a6de68137230edd618b7010b.
2025-09-01 01:58:07,912 - discord.ui.view - ERROR - Ignoring exception in view <BattleMoveView timeout=180 children=3> for item <Button style=<ButtonStyle.secondary: 2> url=None disabled=False label='Vine Whip' emoji=None row=None sku_id=None id=None>
Traceback (most recent call last):
  File "H:\Github Repositories\pokebot\venv\Lib\site-packages\discord\ui\view.py", line 555, in _scheduled_task
    await item.callback(interaction)
  File "H:\Github Repositories\pokebot\cogs\battle.py", line 1076, in callback
    await battle_cog._send_battle_status(self.battle_data)
  File "H:\Github Repositories\pokebot\cogs\battle.py", line 175, in _send_battle_status
    await self._handle_npc_turn(battle_data)
  File "H:\Github Repositories\pokebot\cogs\battle.py", line 897, in _handle_npc_turn
    result = await self.use_move(battle_data, npc_data['id'], chosen_move)
             ^^^^^^^^^^^^^^^^^^^^^^^^^^^^^^^^^^^^^^^^^^^^^^^^^^^^^^^^^^^^^
  File "H:\Github Repositories\pokebot\cogs\battle.py", line 284, in use_move
    await experience_cog._add_experience(attacker_data['pokemon'], exp_gained)
  File "H:\Github Repositories\pokebot\cogs\experience.py", line 53, in _add_experience
    new_exp = pokemon['experience'] + exp_amount
              ~~~~~~~^^^^^^^^^^^^^^
KeyError: 'experience'
2025-09-01 01:58:33,022 - discord.ui.view - ERROR - Ignoring exception in view <BattleMoveView timeout=180 children=3> for item <Button style=<ButtonStyle.secondary: 2> url=None disabled=False label='Vine Whip' emoji=None row=None sku_id=None id=None>
Traceback (most recent call last):
  File "H:\Github Repositories\pokebot\venv\Lib\site-packages\discord\ui\view.py", line 555, in _scheduled_task
    await item.callback(interaction)
  File "H:\Github Repositories\pokebot\cogs\battle.py", line 1076, in callback
    await battle_cog._send_battle_status(self.battle_data)
  File "H:\Github Repositories\pokebot\cogs\battle.py", line 175, in _send_battle_status
    await self._handle_npc_turn(battle_data)
  File "H:\Github Repositories\pokebot\cogs\battle.py", line 897, in _handle_npc_turn
    result = await self.use_move(battle_data, npc_data['id'], chosen_move)
             ^^^^^^^^^^^^^^^^^^^^^^^^^^^^^^^^^^^^^^^^^^^^^^^^^^^^^^^^^^^^^
  File "H:\Github Repositories\pokebot\cogs\battle.py", line 284, in use_move
    await experience_cog._add_experience(attacker_data['pokemon'], exp_gained)
  File "H:\Github Repositories\pokebot\cogs\experience.py", line 53, in _add_experience
    new_exp = pokemon['experience'] + exp_amount
              ~~~~~~~^^^^^^^^^^^^^^
KeyError: 'experience'
2025-09-01 02:28:07,410 - discord.client - WARNING - PyNaCl is not installed, voice will NOT be supported
2025-09-01 02:28:07,412 - discord.client - INFO - logging in using static token
2025-09-01 02:28:10,423 - discord.gateway - INFO - Shard ID None has connected to Gateway (Session ID: e620e84ecd98489ccdd83ec9841d9f72).
2025-09-01 03:11:49,509 - discord.client - WARNING - PyNaCl is not installed, voice will NOT be supported
2025-09-01 03:11:49,511 - discord.client - INFO - logging in using static token
2025-09-01 03:11:52,169 - discord.gateway - INFO - Shard ID None has connected to Gateway (Session ID: 9ce0bed01da02118c13e581ade185fdc).
2025-09-01 03:15:46,056 - discord.client - WARNING - PyNaCl is not installed, voice will NOT be supported
2025-09-01 03:15:46,059 - discord.client - INFO - logging in using static token
2025-09-01 03:15:48,596 - discord.gateway - INFO - Shard ID None has connected to Gateway (Session ID: 2238eceaa22a36fb52abaa5d9eafb346).
2025-09-01 05:49:37,788 - discord.client - WARNING - PyNaCl is not installed, voice will NOT be supported
2025-09-01 05:49:37,789 - discord.client - INFO - logging in using static token
2025-09-01 05:55:58,985 - discord.client - WARNING - PyNaCl is not installed, voice will NOT be supported
2025-09-01 05:55:58,986 - discord.client - INFO - logging in using static token
2025-09-01 05:56:01,677 - discord.gateway - INFO - Shard ID None has connected to Gateway (Session ID: ec1829601593481b50f78bd0e6ffc234).
2025-09-01 05:56:49,124 - root - WARNING - Failed to store battle in database: insert or update on table "battles" violates foreign key constraint "battles_opponent_id_fkey"
DETAIL:  Key (opponent_id)=(-1000) is not present in table "users".
2025-09-01 05:58:58,744 - root - WARNING - Failed to store battle in database: insert or update on table "battles" violates foreign key constraint "battles_opponent_id_fkey"
DETAIL:  Key (opponent_id)=(-1000) is not present in table "users".
2025-09-01 05:59:08,232 - discord.client - WARNING - PyNaCl is not installed, voice will NOT be supported
2025-09-01 05:59:08,234 - discord.client - INFO - logging in using static token
2025-09-01 05:59:10,500 - discord.gateway - INFO - Shard ID None has connected to Gateway (Session ID: 0d68261571ba3a9ec50dddc121d57a71).
2025-09-01 06:02:41,478 - discord.client - WARNING - PyNaCl is not installed, voice will NOT be supported
2025-09-01 06:02:41,479 - discord.client - INFO - logging in using static token
2025-09-01 06:02:43,906 - discord.gateway - INFO - Shard ID None has connected to Gateway (Session ID: b42a5745cc7052605ceed2545d1e871a).
2025-09-01 06:06:03,197 - discord.client - WARNING - PyNaCl is not installed, voice will NOT be supported
2025-09-01 06:06:03,198 - discord.client - INFO - logging in using static token
2025-09-01 06:06:05,642 - discord.gateway - INFO - Shard ID None has connected to Gateway (Session ID: 5e7fe8d8fccd34b016f4c9d9a581e523).
2025-09-01 06:09:37,099 - root - INFO - NPC completion tracking failed (table may not exist): relation "npc_completions" does not exist
2025-09-01 06:11:40,343 - discord.client - WARNING - PyNaCl is not installed, voice will NOT be supported
2025-09-01 06:11:40,344 - discord.client - INFO - logging in using static token
2025-09-01 06:11:42,707 - discord.gateway - INFO - Shard ID None has connected to Gateway (Session ID: 385805038813ed26fd2b0b590eb1e1ee).
2025-09-01 06:16:19,548 - root - INFO - NPC completion tracking failed (table may not exist): relation "npc_completions" does not exist
2025-09-01 06:26:04,371 - discord.client - WARNING - PyNaCl is not installed, voice will NOT be supported
2025-09-01 06:26:04,372 - discord.client - INFO - logging in using static token
2025-09-01 06:26:06,864 - discord.gateway - INFO - Shard ID None has connected to Gateway (Session ID: 3a3730759996359fa2f24e8318a12c2f).
2025-09-01 06:34:39,077 - discord.client - WARNING - PyNaCl is not installed, voice will NOT be supported
2025-09-01 06:34:39,078 - discord.client - INFO - logging in using static token
2025-09-01 06:34:41,479 - discord.gateway - INFO - Shard ID None has connected to Gateway (Session ID: e55af9d3b0e430c7e6fed2bc39263a77).
2025-09-01 06:44:51,214 - discord.client - WARNING - PyNaCl is not installed, voice will NOT be supported
2025-09-01 06:44:51,215 - discord.client - INFO - logging in using static token
2025-09-01 06:44:53,413 - discord.gateway - INFO - Shard ID None has connected to Gateway (Session ID: f8ed9794c92deb60f9fd36ee128f9a56).
2025-09-01 06:45:18,564 - discord.client - WARNING - PyNaCl is not installed, voice will NOT be supported
2025-09-01 06:45:18,565 - discord.client - INFO - logging in using static token
2025-09-01 06:45:20,887 - discord.gateway - INFO - Shard ID None has connected to Gateway (Session ID: 7b5fc2e815864fa057821c2a4ca690cc).
2025-09-01 06:46:06,048 - discord.client - WARNING - PyNaCl is not installed, voice will NOT be supported
2025-09-01 06:46:06,050 - discord.client - INFO - logging in using static token
2025-09-01 06:46:08,252 - discord.gateway - INFO - Shard ID None has connected to Gateway (Session ID: 710b84126a91db287d9b904c11631a65).
2025-09-01 07:24:17,353 - discord.app_commands.tree - ERROR - Ignoring exception in command 'use'
Traceback (most recent call last):
  File "H:\Github Repositories\pokebot\venv\Lib\site-packages\discord\app_commands\commands.py", line 858, in _do_call
    return await self._callback(self.binding, interaction, **params)  # type: ignore
           ^^^^^^^^^^^^^^^^^^^^^^^^^^^^^^^^^^^^^^^^^^^^^^^^^^^^^^^^^
  File "H:\Github Repositories\pokebot\cogs\shop.py", line 184, in use_item
    result = await self._use_item_on_pokemon(item, pokemon)
             ^^^^^^^^^^^^^^^^^^^^^^^^^^^^^^^^^^^^^^^^^^^^^^
  File "H:\Github Repositories\pokebot\cogs\shop.py", line 347, in _use_item_on_pokemon
    return f"{pokemon['name']} grew to level {new_level}!"
              ~~~~~~~^^^^^^^^
KeyError: 'name'

The above exception was the direct cause of the following exception:

Traceback (most recent call last):
  File "H:\Github Repositories\pokebot\venv\Lib\site-packages\discord\app_commands\tree.py", line 1297, in _call
    await command._invoke_with_namespace(interaction, namespace)
  File "H:\Github Repositories\pokebot\venv\Lib\site-packages\discord\app_commands\commands.py", line 884, in _invoke_with_namespace
    return await self._do_call(interaction, transformed_values)
           ^^^^^^^^^^^^^^^^^^^^^^^^^^^^^^^^^^^^^^^^^^^^^^^^^^^^
  File "H:\Github Repositories\pokebot\venv\Lib\site-packages\discord\app_commands\commands.py", line 877, in _do_call
    raise CommandInvokeError(self, e) from e
discord.app_commands.errors.CommandInvokeError: Command 'use' raised an exception: KeyError: 'name'
2025-09-01 07:28:37,069 - discord.client - WARNING - PyNaCl is not installed, voice will NOT be supported
2025-09-01 07:28:37,070 - discord.client - INFO - logging in using static token
2025-09-01 07:28:39,456 - discord.gateway - INFO - Shard ID None has connected to Gateway (Session ID: f89e14e96040e6e5d9c4854c16a28285).
